CVE;advisory name;advisory URL;unknown PoC;Github PoC;Curl PoC;XML PoC;
CVE-2023-44487;SNYK-ALPINE315-LIGHTTPD-6042944;https://security.snyk.io/vuln/SNYK-ALPINE315-LIGHTTPD-6042944;yes;no;no;no;
CVE-2023-44487;SNYK-ALPINE315-NGHTTP2-5964211;https://security.snyk.io/vuln/SNYK-ALPINE315-NGHTTP2-5964211;yes;no;no;no;
CVE-2023-44487;SNYK-ALPINE315-NGINX-6012604;https://security.snyk.io/vuln/SNYK-ALPINE315-NGINX-6012604;yes;no;no;no;
CVE-2023-44487;SNYK-ALPINE316-LIGHTTPD-6042949;https://security.snyk.io/vuln/SNYK-ALPINE316-LIGHTTPD-6042949;yes;no;no;no;
CVE-2023-44487;SNYK-ALPINE316-NGHTTP2-6043732;https://security.snyk.io/vuln/SNYK-ALPINE316-NGHTTP2-6043732;yes;no;no;no;
CVE-2023-44487;SNYK-ALPINE316-NGINX-5969471;https://security.snyk.io/vuln/SNYK-ALPINE316-NGINX-5969471;yes;no;no;no;
CVE-2023-44487;SNYK-ALPINE317-JETTYRUNNER-5969477;https://security.snyk.io/vuln/SNYK-ALPINE317-JETTYRUNNER-5969477;yes;no;no;no;
CVE-2023-44487;SNYK-ALPINE317-LIGHTTPD-6042947;https://security.snyk.io/vuln/SNYK-ALPINE317-LIGHTTPD-6042947;yes;no;no;no;
CVE-2023-44487;SNYK-ALPINE317-NGHTTP2-5954769;https://security.snyk.io/vuln/SNYK-ALPINE317-NGHTTP2-5954769;yes;no;no;no;
CVE-2023-44487;SNYK-ALPINE317-NGINX-5969473;https://security.snyk.io/vuln/SNYK-ALPINE317-NGINX-5969473;yes;no;no;no;
CVE-2023-44487;SNYK-ALPINE318-DOTNET6BUILD-5960913;https://security.snyk.io/vuln/SNYK-ALPINE318-DOTNET6BUILD-5960913;yes;no;no;no;
CVE-2023-44487;SNYK-ALPINE318-DOTNET6RUNTIME-5960914;https://security.snyk.io/vuln/SNYK-ALPINE318-DOTNET6RUNTIME-5960914;yes;no;no;no;
CVE-2023-44487;SNYK-ALPINE318-DOTNET7BUILD-5960919;https://security.snyk.io/vuln/SNYK-ALPINE318-DOTNET7BUILD-5960919;yes;no;no;no;
CVE-2023-44487;SNYK-ALPINE318-DOTNET7RUNTIME-5960920;https://security.snyk.io/vuln/SNYK-ALPINE318-DOTNET7RUNTIME-5960920;yes;no;no;no;
CVE-2023-44487;SNYK-ALPINE318-GO-5962460;https://security.snyk.io/vuln/SNYK-ALPINE318-GO-5962460;yes;no;no;no;
CVE-2023-44487;SNYK-ALPINE318-H2O-5962285;https://security.snyk.io/vuln/SNYK-ALPINE318-H2O-5962285;yes;no;no;no;
CVE-2023-44487;SNYK-ALPINE318-JETTYRUNNER-5969475;https://security.snyk.io/vuln/SNYK-ALPINE318-JETTYRUNNER-5969475;yes;no;no;no;
CVE-2023-44487;SNYK-ALPINE318-NGHTTP2-5954768;https://security.snyk.io/vuln/SNYK-ALPINE318-NGHTTP2-5954768;yes;no;no;no;
CVE-2023-44487;SNYK-ALPINE318-NGINX-5969472;https://security.snyk.io/vuln/SNYK-ALPINE318-NGINX-5969472;yes;no;no;no;
CVE-2023-44487;SNYK-ALPINE319-OPENJDK21-6173121;https://security.snyk.io/vuln/SNYK-ALPINE319-OPENJDK21-6173121;yes;no;no;no;
CVE-2023-44487;SNYK-AMZN2-GOLANG-5971126;https://security.snyk.io/vuln/SNYK-AMZN2-GOLANG-5971126;yes;no;no;no;
CVE-2023-44487;SNYK-AMZN2-GOLANGBIN-5971118;https://security.snyk.io/vuln/SNYK-AMZN2-GOLANGBIN-5971118;yes;no;no;no;
CVE-2023-44487;SNYK-AMZN2-GOLANGDOCS-5971129;https://security.snyk.io/vuln/SNYK-AMZN2-GOLANGDOCS-5971129;yes;no;no;no;
CVE-2023-44487;SNYK-AMZN2-GOLANGMISC-5971135;https://security.snyk.io/vuln/SNYK-AMZN2-GOLANGMISC-5971135;yes;no;no;no;
CVE-2023-44487;SNYK-AMZN2-GOLANGSHARED-5971125;https://security.snyk.io/vuln/SNYK-AMZN2-GOLANGSHARED-5971125;yes;no;no;no;
CVE-2023-44487;SNYK-AMZN2-GOLANGSRC-5971138;https://security.snyk.io/vuln/SNYK-AMZN2-GOLANGSRC-5971138;yes;no;no;no;
CVE-2023-44487;SNYK-AMZN2-GOLANGTESTS-5971140;https://security.snyk.io/vuln/SNYK-AMZN2-GOLANGTESTS-5971140;yes;no;no;no;
CVE-2018-9133;SNYK-AMZN2-IMAGEMAGICK-6228931;https://security.snyk.io/vuln/SNYK-AMZN2-IMAGEMAGICK-6228931;yes;no;no;no;
CVE-2023-44487;SNYK-AMZN2023-LIBNGHTTP2-5971041;https://security.snyk.io/vuln/SNYK-AMZN2023-LIBNGHTTP2-5971041;yes;no;no;no;
CVE-2023-44487;SNYK-AMZN2023-LIBNGHTTP2DEBUGINFO-5971101;https://security.snyk.io/vuln/SNYK-AMZN2023-LIBNGHTTP2DEBUGINFO-5971101;yes;no;no;no;
CVE-2023-44487;SNYK-AMZN2023-LIBNGHTTP2DEVEL-5971090;https://security.snyk.io/vuln/SNYK-AMZN2023-LIBNGHTTP2DEVEL-5971090;yes;no;no;no;
CVE-2023-44487;SNYK-AMZN2023-NETSTANDARDTARGETINGPACK21-5971051;https://security.snyk.io/vuln/SNYK-AMZN2023-NETSTANDARDTARGETINGPACK21-5971051;yes;no;no;no;
CVE-2023-44487;SNYK-AMZN2023-NGHTTP2-5971044;https://security.snyk.io/vuln/SNYK-AMZN2023-NGHTTP2-5971044;yes;no;no;no;
CVE-2023-44487;SNYK-AMZN2023-NGHTTP2DEBUGINFO-5971088;https://security.snyk.io/vuln/SNYK-AMZN2023-NGHTTP2DEBUGINFO-5971088;yes;no;no;no;
CVE-2023-44487;SNYK-AMZN2023-NGHTTP2DEBUGSOURCE-5971038;https://security.snyk.io/vuln/SNYK-AMZN2023-NGHTTP2DEBUGSOURCE-5971038;yes;no;no;no;
CVE-2023-44487;SNYK-AMZN2023-NGINX-5971064;https://security.snyk.io/vuln/SNYK-AMZN2023-NGINX-5971064;yes;no;no;no;
CVE-2023-44487;SNYK-AMZN2023-NGINXALLMODULES-5971092;https://security.snyk.io/vuln/SNYK-AMZN2023-NGINXALLMODULES-5971092;yes;no;no;no;
CVE-2023-44487;SNYK-AMZN2023-NGINXCORE-5971049;https://security.snyk.io/vuln/SNYK-AMZN2023-NGINXCORE-5971049;yes;no;no;no;
CVE-2023-44487;SNYK-AMZN2023-NGINXCOREDEBUGINFO-5971063;https://security.snyk.io/vuln/SNYK-AMZN2023-NGINXCOREDEBUGINFO-5971063;yes;no;no;no;
CVE-2023-44487;SNYK-AMZN2023-NGINXDEBUGINFO-5971037;https://security.snyk.io/vuln/SNYK-AMZN2023-NGINXDEBUGINFO-5971037;yes;no;no;no;
CVE-2023-44487;SNYK-AMZN2023-NGINXDEBUGSOURCE-5971039;https://security.snyk.io/vuln/SNYK-AMZN2023-NGINXDEBUGSOURCE-5971039;yes;no;no;no;
CVE-2023-44487;SNYK-AMZN2023-NGINXFILESYSTEM-5971059;https://security.snyk.io/vuln/SNYK-AMZN2023-NGINXFILESYSTEM-5971059;yes;no;no;no;
CVE-2023-44487;SNYK-AMZN2023-NGINXMODDEVEL-5971065;https://security.snyk.io/vuln/SNYK-AMZN2023-NGINXMODDEVEL-5971065;yes;no;no;no;
CVE-2023-44487;SNYK-AMZN2023-NGINXMODHTTPIMAGEFILTER-5971091;https://security.snyk.io/vuln/SNYK-AMZN2023-NGINXMODHTTPIMAGEFILTER-5971091;yes;no;no;no;
CVE-2023-44487;SNYK-AMZN2023-NGINXMODHTTPIMAGEFILTERDEBUGINFO-5971047;https://security.snyk.io/vuln/SNYK-AMZN2023-NGINXMODHTTPIMAGEFILTERDEBUGINFO-5971047;yes;no;no;no;
CVE-2023-44487;SNYK-AMZN2023-NGINXMODHTTPPERL-5971069;https://security.snyk.io/vuln/SNYK-AMZN2023-NGINXMODHTTPPERL-5971069;yes;no;no;no;
CVE-2023-44487;SNYK-AMZN2023-NGINXMODHTTPPERLDEBUGINFO-5971102;https://security.snyk.io/vuln/SNYK-AMZN2023-NGINXMODHTTPPERLDEBUGINFO-5971102;yes;no;no;no;
CVE-2023-44487;SNYK-AMZN2023-NGINXMODHTTPXSLTFILTER-5971042;https://security.snyk.io/vuln/SNYK-AMZN2023-NGINXMODHTTPXSLTFILTER-5971042;yes;no;no;no;
CVE-2023-44487;SNYK-AMZN2023-NGINXMODHTTPXSLTFILTERDEBUGINFO-5971043;https://security.snyk.io/vuln/SNYK-AMZN2023-NGINXMODHTTPXSLTFILTERDEBUGINFO-5971043;yes;no;no;no;
CVE-2023-44487;SNYK-AMZN2023-NGINXMODMAIL-5971089;https://security.snyk.io/vuln/SNYK-AMZN2023-NGINXMODMAIL-5971089;yes;no;no;no;
CVE-2023-44487;SNYK-AMZN2023-NGINXMODMAILDEBUGINFO-5971071;https://security.snyk.io/vuln/SNYK-AMZN2023-NGINXMODMAILDEBUGINFO-5971071;yes;no;no;no;
CVE-2023-44487;SNYK-AMZN2023-NGINXMODSTREAM-5971066;https://security.snyk.io/vuln/SNYK-AMZN2023-NGINXMODSTREAM-5971066;yes;no;no;no;
CVE-2023-44487;SNYK-AMZN2023-NGINXMODSTREAMDEBUGINFO-5971075;https://security.snyk.io/vuln/SNYK-AMZN2023-NGINXMODSTREAMDEBUGINFO-5971075;yes;no;no;no;
CVE-2023-44487;SNYK-AMZN2023-NODEJS-5971056;https://security.snyk.io/vuln/SNYK-AMZN2023-NODEJS-5971056;yes;no;no;no;
CVE-2023-44487;SNYK-AMZN2023-NODEJSDEBUGINFO-5971087;https://security.snyk.io/vuln/SNYK-AMZN2023-NODEJSDEBUGINFO-5971087;yes;no;no;no;
CVE-2023-44487;SNYK-AMZN2023-NODEJSDEBUGSOURCE-5971032;https://security.snyk.io/vuln/SNYK-AMZN2023-NODEJSDEBUGSOURCE-5971032;yes;no;no;no;
CVE-2023-44487;SNYK-AMZN2023-NODEJSDEVEL-5971104;https://security.snyk.io/vuln/SNYK-AMZN2023-NODEJSDEVEL-5971104;yes;no;no;no;
CVE-2023-44487;SNYK-AMZN2023-NODEJSDOCS-5971068;https://security.snyk.io/vuln/SNYK-AMZN2023-NODEJSDOCS-5971068;yes;no;no;no;
CVE-2023-44487;SNYK-AMZN2023-NODEJSFULLI18N-5971103;https://security.snyk.io/vuln/SNYK-AMZN2023-NODEJSFULLI18N-5971103;yes;no;no;no;
CVE-2023-44487;SNYK-AMZN2023-NODEJSLIBS-5971084;https://security.snyk.io/vuln/SNYK-AMZN2023-NODEJSLIBS-5971084;yes;no;no;no;
CVE-2023-44487;SNYK-AMZN2023-NODEJSLIBSDEBUGINFO-5971036;https://security.snyk.io/vuln/SNYK-AMZN2023-NODEJSLIBSDEBUGINFO-5971036;yes;no;no;no;
CVE-2023-44487;SNYK-AMZN2023-NODEJSNPM-5971086;https://security.snyk.io/vuln/SNYK-AMZN2023-NODEJSNPM-5971086;yes;no;no;no;
CVE-2023-36632;SNYK-CENTOS8-PYTHON39CRYPTOGRAPHY-5751149;https://security.snyk.io/vuln/SNYK-CENTOS8-PYTHON39CRYPTOGRAPHY-5751149;yes;no;no;no;
CVE-2023-36632;SNYK-CENTOS8-PYTHON39DEVEL-5751181;https://security.snyk.io/vuln/SNYK-CENTOS8-PYTHON39DEVEL-5751181;yes;no;no;no;
CVE-2023-36632;SNYK-CENTOS8-PYTHON39IDLE-5751102;https://security.snyk.io/vuln/SNYK-CENTOS8-PYTHON39IDLE-5751102;yes;no;no;no;
CVE-2023-36632;SNYK-CENTOS8-PYTHON39IDNA-5751185;https://security.snyk.io/vuln/SNYK-CENTOS8-PYTHON39IDNA-5751185;yes;no;no;no;
CVE-2023-36632;SNYK-CENTOS8-PYTHON39LIBS-5751055;https://security.snyk.io/vuln/SNYK-CENTOS8-PYTHON39LIBS-5751055;yes;no;no;no;
CVE-2023-36632;SNYK-CENTOS8-PYTHON39LXML-5751175;https://security.snyk.io/vuln/SNYK-CENTOS8-PYTHON39LXML-5751175;yes;no;no;no;
CVE-2023-36632;SNYK-CENTOS8-PYTHON39MODWSGI-5751119;https://security.snyk.io/vuln/SNYK-CENTOS8-PYTHON39MODWSGI-5751119;yes;no;no;no;
CVE-2023-36632;SNYK-CENTOS8-PYTHON39NUMPY-5751169;https://security.snyk.io/vuln/SNYK-CENTOS8-PYTHON39NUMPY-5751169;yes;no;no;no;
CVE-2023-36632;SNYK-CENTOS8-PYTHON39NUMPYDOC-5751165;https://security.snyk.io/vuln/SNYK-CENTOS8-PYTHON39NUMPYDOC-5751165;yes;no;no;no;
CVE-2023-36632;SNYK-CENTOS8-PYTHON39NUMPYF2PY-5751111;https://security.snyk.io/vuln/SNYK-CENTOS8-PYTHON39NUMPYF2PY-5751111;yes;no;no;no;
CVE-2023-36632;SNYK-CENTOS8-PYTHON39PIP-5751183;https://security.snyk.io/vuln/SNYK-CENTOS8-PYTHON39PIP-5751183;yes;no;no;no;
CVE-2023-36632;SNYK-CENTOS8-PYTHON39PIPWHEEL-5751121;https://security.snyk.io/vuln/SNYK-CENTOS8-PYTHON39PIPWHEEL-5751121;yes;no;no;no;
CVE-2023-36632;SNYK-CENTOS8-PYTHON39PLY-5751189;https://security.snyk.io/vuln/SNYK-CENTOS8-PYTHON39PLY-5751189;yes;no;no;no;
CVE-2023-36632;SNYK-CENTOS8-PYTHON39PSUTIL-5751201;https://security.snyk.io/vuln/SNYK-CENTOS8-PYTHON39PSUTIL-5751201;yes;no;no;no;
CVE-2023-36632;SNYK-CENTOS8-PYTHON39PSYCOPG2-5751080;https://security.snyk.io/vuln/SNYK-CENTOS8-PYTHON39PSYCOPG2-5751080;yes;no;no;no;
CVE-2023-36632;SNYK-CENTOS8-PYTHON39PSYCOPG2DOC-5751074;https://security.snyk.io/vuln/SNYK-CENTOS8-PYTHON39PSYCOPG2DOC-5751074;yes;no;no;no;
CVE-2023-36632;SNYK-CENTOS8-PYTHON39PSYCOPG2TESTS-5751203;https://security.snyk.io/vuln/SNYK-CENTOS8-PYTHON39PSYCOPG2TESTS-5751203;yes;no;no;no;
CVE-2023-36632;SNYK-CENTOS8-PYTHON39PYCPARSER-5751063;https://security.snyk.io/vuln/SNYK-CENTOS8-PYTHON39PYCPARSER-5751063;yes;no;no;no;
CVE-2023-36632;SNYK-CENTOS8-PYTHON39PYMYSQL-5751187;https://security.snyk.io/vuln/SNYK-CENTOS8-PYTHON39PYMYSQL-5751187;yes;no;no;no;
CVE-2023-36632;SNYK-CENTOS8-PYTHON39PYSOCKS-5751167;https://security.snyk.io/vuln/SNYK-CENTOS8-PYTHON39PYSOCKS-5751167;yes;no;no;no;
CVE-2023-36632;SNYK-CENTOS8-PYTHON39PYYAML-5751145;https://security.snyk.io/vuln/SNYK-CENTOS8-PYTHON39PYYAML-5751145;yes;no;no;no;
CVE-2023-36632;SNYK-CENTOS8-PYTHON39REQUESTS-5751207;https://security.snyk.io/vuln/SNYK-CENTOS8-PYTHON39REQUESTS-5751207;yes;no;no;no;
CVE-2023-36632;SNYK-CENTOS8-PYTHON39RPMMACROS-5751092;https://security.snyk.io/vuln/SNYK-CENTOS8-PYTHON39RPMMACROS-5751092;yes;no;no;no;
CVE-2023-36632;SNYK-CENTOS8-PYTHON39SCIPY-5751088;https://security.snyk.io/vuln/SNYK-CENTOS8-PYTHON39SCIPY-5751088;yes;no;no;no;
CVE-2023-36632;SNYK-CENTOS8-PYTHON39SETUPTOOLS-5751179;https://security.snyk.io/vuln/SNYK-CENTOS8-PYTHON39SETUPTOOLS-5751179;yes;no;no;no;
CVE-2023-36632;SNYK-CENTOS8-PYTHON39SETUPTOOLSWHEEL-5751096;https://security.snyk.io/vuln/SNYK-CENTOS8-PYTHON39SETUPTOOLSWHEEL-5751096;yes;no;no;no;
CVE-2023-36632;SNYK-CENTOS8-PYTHON39SIX-5751130;https://security.snyk.io/vuln/SNYK-CENTOS8-PYTHON39SIX-5751130;yes;no;no;no;
CVE-2023-36632;SNYK-CENTOS8-PYTHON39TEST-5751192;https://security.snyk.io/vuln/SNYK-CENTOS8-PYTHON39TEST-5751192;yes;no;no;no;
CVE-2023-36632;SNYK-CENTOS8-PYTHON39TKINTER-5751061;https://security.snyk.io/vuln/SNYK-CENTOS8-PYTHON39TKINTER-5751061;yes;no;no;no;
CVE-2023-36632;SNYK-CENTOS8-PYTHON39TOML-5751214;https://security.snyk.io/vuln/SNYK-CENTOS8-PYTHON39TOML-5751214;yes;no;no;no;
CVE-2023-36632;SNYK-CENTOS8-PYTHON39URLLIB3-5751132;https://security.snyk.io/vuln/SNYK-CENTOS8-PYTHON39URLLIB3-5751132;yes;no;no;no;
CVE-2023-36632;SNYK-CENTOS8-PYTHON39WHEEL-5751109;https://security.snyk.io/vuln/SNYK-CENTOS8-PYTHON39WHEEL-5751109;yes;no;no;no;
CVE-2023-36632;SNYK-CENTOS8-PYTHON39WHEELWHEEL-5751086;https://security.snyk.io/vuln/SNYK-CENTOS8-PYTHON39WHEELWHEEL-5751086;yes;no;no;no;
CVE-2023-36632;SNYK-CENTOS8-PYTHON3IDLE-5751139;https://security.snyk.io/vuln/SNYK-CENTOS8-PYTHON3IDLE-5751139;yes;no;no;no;
CVE-2023-36632;SNYK-CENTOS8-PYTHON3LIBS-5751216;https://security.snyk.io/vuln/SNYK-CENTOS8-PYTHON3LIBS-5751216;yes;no;no;no;
CVE-2023-36632;SNYK-CENTOS8-PYTHON3TEST-5751177;https://security.snyk.io/vuln/SNYK-CENTOS8-PYTHON3TEST-5751177;yes;no;no;no;
CVE-2023-36632;SNYK-CENTOS8-PYTHON3TKINTER-5751098;https://security.snyk.io/vuln/SNYK-CENTOS8-PYTHON3TKINTER-5751098;yes;no;no;no;
CVE-2023-36632;SNYK-CENTOS8-PYTHON3XPIP-5751057;https://security.snyk.io/vuln/SNYK-CENTOS8-PYTHON3XPIP-5751057;yes;no;no;no;
CVE-2023-36632;SNYK-CENTOS8-PYTHON3XSETUPTOOLS-5751157;https://security.snyk.io/vuln/SNYK-CENTOS8-PYTHON3XSETUPTOOLS-5751157;yes;no;no;no;
CVE-2023-36632;SNYK-CENTOS8-PYTHON3XSIX-5751198;https://security.snyk.io/vuln/SNYK-CENTOS8-PYTHON3XSIX-5751198;yes;no;no;no;
CVE-2023-36632;SNYK-CENTOS8-PYTHONCFFI-5751049;https://security.snyk.io/vuln/SNYK-CENTOS8-PYTHONCFFI-5751049;yes;no;no;no;
CVE-2023-36632;SNYK-CENTOS8-PYTHONCHARDET-5751196;https://security.snyk.io/vuln/SNYK-CENTOS8-PYTHONCHARDET-5751196;yes;no;no;no;
CVE-2023-36632;SNYK-CENTOS8-PYTHONCRYPTOGRAPHY-5751147;https://security.snyk.io/vuln/SNYK-CENTOS8-PYTHONCRYPTOGRAPHY-5751147;yes;no;no;no;
CVE-2023-36632;SNYK-CENTOS8-PYTHONIDNA-5751047;https://security.snyk.io/vuln/SNYK-CENTOS8-PYTHONIDNA-5751047;yes;no;no;no;
CVE-2023-36632;SNYK-CENTOS8-PYTHONLXML-5751218;https://security.snyk.io/vuln/SNYK-CENTOS8-PYTHONLXML-5751218;yes;no;no;no;
CVE-2023-36632;SNYK-CENTOS8-PYTHONPLY-5751128;https://security.snyk.io/vuln/SNYK-CENTOS8-PYTHONPLY-5751128;yes;no;no;no;
CVE-2023-36632;SNYK-CENTOS8-PYTHONPSUTIL-5751212;https://security.snyk.io/vuln/SNYK-CENTOS8-PYTHONPSUTIL-5751212;yes;no;no;no;
CVE-2023-36632;SNYK-CENTOS8-PYTHONPSYCOPG2-5751205;https://security.snyk.io/vuln/SNYK-CENTOS8-PYTHONPSYCOPG2-5751205;yes;no;no;no;
CVE-2023-36632;SNYK-CENTOS8-PYTHONPYCPARSER-5751153;https://security.snyk.io/vuln/SNYK-CENTOS8-PYTHONPYCPARSER-5751153;yes;no;no;no;
CVE-2023-36632;SNYK-CENTOS8-PYTHONPYMYSQL-5751084;https://security.snyk.io/vuln/SNYK-CENTOS8-PYTHONPYMYSQL-5751084;yes;no;no;no;
CVE-2023-36632;SNYK-CENTOS8-PYTHONPYSOCKS-5751163;https://security.snyk.io/vuln/SNYK-CENTOS8-PYTHONPYSOCKS-5751163;yes;no;no;no;
CVE-2023-36632;SNYK-CENTOS8-PYTHONREQUESTS-5751082;https://security.snyk.io/vuln/SNYK-CENTOS8-PYTHONREQUESTS-5751082;yes;no;no;no;
CVE-2023-36632;SNYK-CENTOS8-PYTHONTOML-5751076;https://security.snyk.io/vuln/SNYK-CENTOS8-PYTHONTOML-5751076;yes;no;no;no;
CVE-2023-36632;SNYK-CENTOS8-PYTHONURLLIB3-5751173;https://security.snyk.io/vuln/SNYK-CENTOS8-PYTHONURLLIB3-5751173;yes;no;no;no;
CVE-2023-36632;SNYK-CENTOS8-PYTHONWHEEL-5751161;https://security.snyk.io/vuln/SNYK-CENTOS8-PYTHONWHEEL-5751161;yes;no;no;no;
CVE-2023-36632;SNYK-CENTOS8-PYYAML-5751155;https://security.snyk.io/vuln/SNYK-CENTOS8-PYYAML-5751155;yes;no;no;no;
CVE-2023-36632;SNYK-CENTOS8-SCIPY-5751143;https://security.snyk.io/vuln/SNYK-CENTOS8-SCIPY-5751143;yes;no;no;no;
CVE-2023-44487;SNYK-CENTOS8-TOOLBOX-5958670;https://security.snyk.io/vuln/SNYK-CENTOS8-TOOLBOX-5958670;yes;no;no;no;
CVE-2023-44487;SNYK-CENTOS8-TOOLBOXTESTS-5958678;https://security.snyk.io/vuln/SNYK-CENTOS8-TOOLBOXTESTS-5958678;yes;no;no;no;
CVE-2023-44487;SNYK-CENTOS8-VARNISH-5962053;https://security.snyk.io/vuln/SNYK-CENTOS8-VARNISH-5962053;yes;no;no;no;
CVE-2023-44487;SNYK-CENTOS8-VARNISHDEVEL-5962041;https://security.snyk.io/vuln/SNYK-CENTOS8-VARNISHDEVEL-5962041;yes;no;no;no;
CVE-2023-44487;SNYK-CENTOS8-VARNISHDOCS-5962050;https://security.snyk.io/vuln/SNYK-CENTOS8-VARNISHDOCS-5962050;yes;no;no;no;
CVE-2023-44487;SNYK-CENTOS8-VARNISHMODULES-5962043;https://security.snyk.io/vuln/SNYK-CENTOS8-VARNISHMODULES-5962043;yes;no;no;no;
CVE-2023-44487;SNYK-CENTOS8-WELDRCLIENT-5958734;https://security.snyk.io/vuln/SNYK-CENTOS8-WELDRCLIENT-5958734;yes;no;no;no;
CVE-2023-44487;SNYK-CENTOS9-ASPNETCORERUNTIME60-5955958;https://security.snyk.io/vuln/SNYK-CENTOS9-ASPNETCORERUNTIME60-5955958;yes;no;no;no;
CVE-2023-44487;SNYK-CENTOS9-ASPNETCORERUNTIME70-5956005;https://security.snyk.io/vuln/SNYK-CENTOS9-ASPNETCORERUNTIME70-5956005;yes;no;no;no;
CVE-2023-44487;SNYK-CENTOS9-ASPNETCORERUNTIME80-6050366;https://security.snyk.io/vuln/SNYK-CENTOS9-ASPNETCORERUNTIME80-6050366;yes;no;no;no;
CVE-2023-44487;SNYK-CENTOS9-ASPNETCORETARGETINGPACK60-5956051;https://security.snyk.io/vuln/SNYK-CENTOS9-ASPNETCORETARGETINGPACK60-5956051;yes;no;no;no;
CVE-2023-44487;SNYK-CENTOS9-ASPNETCORETARGETINGPACK70-5956076;https://security.snyk.io/vuln/SNYK-CENTOS9-ASPNETCORETARGETINGPACK70-5956076;yes;no;no;no;
CVE-2023-44487;SNYK-CENTOS9-ASPNETCORETARGETINGPACK80-6050376;https://security.snyk.io/vuln/SNYK-CENTOS9-ASPNETCORETARGETINGPACK80-6050376;yes;no;no;no;
CVE-2023-44487;SNYK-CENTOS9-BUTANE-5955990;https://security.snyk.io/vuln/SNYK-CENTOS9-BUTANE-5955990;yes;no;no;no;
CVE-2023-44487;SNYK-CENTOS9-CONTAINERNETWORKINGPLUGINS-5955922;https://security.snyk.io/vuln/SNYK-CENTOS9-CONTAINERNETWORKINGPLUGINS-5955922;yes;no;no;no;
CVE-2023-44487;SNYK-CENTOS9-DOTNET60-5955950;https://security.snyk.io/vuln/SNYK-CENTOS9-DOTNET60-5955950;yes;no;no;no;
CVE-2023-44487;SNYK-CENTOS9-DOTNET70-5955986;https://security.snyk.io/vuln/SNYK-CENTOS9-DOTNET70-5955986;yes;no;no;no;
CVE-2023-44487;SNYK-CENTOS9-DOTNET80-6062516;https://security.snyk.io/vuln/SNYK-CENTOS9-DOTNET80-6062516;yes;no;no;no;
CVE-2023-44487;SNYK-CENTOS9-DOTNETAPPHOSTPACK60-5955926;https://security.snyk.io/vuln/SNYK-CENTOS9-DOTNETAPPHOSTPACK60-5955926;yes;no;no;no;
CVE-2023-44487;SNYK-CENTOS9-DOTNETAPPHOSTPACK70-5955965;https://security.snyk.io/vuln/SNYK-CENTOS9-DOTNETAPPHOSTPACK70-5955965;yes;no;no;no;
CVE-2023-44487;SNYK-CENTOS9-DOTNETAPPHOSTPACK80-6050372;https://security.snyk.io/vuln/SNYK-CENTOS9-DOTNETAPPHOSTPACK80-6050372;yes;no;no;no;
CVE-2023-44487;SNYK-CENTOS9-DOTNETHOST-5956078;https://security.snyk.io/vuln/SNYK-CENTOS9-DOTNETHOST-5956078;yes;no;no;no;
CVE-2023-44487;SNYK-CENTOS9-DOTNETHOSTFXR60-5956042;https://security.snyk.io/vuln/SNYK-CENTOS9-DOTNETHOSTFXR60-5956042;yes;no;no;no;
CVE-2023-44487;SNYK-CENTOS9-DOTNETHOSTFXR70-5955981;https://security.snyk.io/vuln/SNYK-CENTOS9-DOTNETHOSTFXR70-5955981;yes;no;no;no;
CVE-2023-44487;SNYK-CENTOS9-DOTNETHOSTFXR80-6050370;https://security.snyk.io/vuln/SNYK-CENTOS9-DOTNETHOSTFXR80-6050370;yes;no;no;no;
CVE-2023-44487;SNYK-CENTOS9-DOTNETRUNTIME60-5956044;https://security.snyk.io/vuln/SNYK-CENTOS9-DOTNETRUNTIME60-5956044;yes;no;no;no;
CVE-2023-44487;SNYK-CENTOS9-DOTNETRUNTIME70-5955924;https://security.snyk.io/vuln/SNYK-CENTOS9-DOTNETRUNTIME70-5955924;yes;no;no;no;
CVE-2023-44487;SNYK-CENTOS9-DOTNETRUNTIME80-6050368;https://security.snyk.io/vuln/SNYK-CENTOS9-DOTNETRUNTIME80-6050368;yes;no;no;no;
CVE-2023-44487;SNYK-CENTOS9-DOTNETSDK60-5955946;https://security.snyk.io/vuln/SNYK-CENTOS9-DOTNETSDK60-5955946;yes;no;no;no;
CVE-2023-44487;SNYK-CENTOS9-DOTNETSDK60SOURCEBUILTARTIFACTS-5956060;https://security.snyk.io/vuln/SNYK-CENTOS9-DOTNETSDK60SOURCEBUILTARTIFACTS-5956060;yes;no;no;no;
CVE-2023-44487;SNYK-CENTOS9-DOTNETSDK70-5956027;https://security.snyk.io/vuln/SNYK-CENTOS9-DOTNETSDK70-5956027;yes;no;no;no;
CVE-2023-44487;SNYK-CENTOS9-DOTNETSDK70SOURCEBUILTARTIFACTS-5955973;https://security.snyk.io/vuln/SNYK-CENTOS9-DOTNETSDK70SOURCEBUILTARTIFACTS-5955973;yes;no;no;no;
CVE-2023-44487;SNYK-CENTOS9-DOTNETSDK80-6050374;https://security.snyk.io/vuln/SNYK-CENTOS9-DOTNETSDK80-6050374;yes;no;no;no;
CVE-2023-44487;SNYK-CENTOS9-DOTNETSDK80SOURCEBUILTARTIFACTS-6050364;https://security.snyk.io/vuln/SNYK-CENTOS9-DOTNETSDK80SOURCEBUILTARTIFACTS-6050364;yes;no;no;no;
CVE-2023-44487;SNYK-CENTOS9-DOTNETTARGETINGPACK60-5956066;https://security.snyk.io/vuln/SNYK-CENTOS9-DOTNETTARGETINGPACK60-5956066;yes;no;no;no;
CVE-2023-44487;SNYK-CENTOS9-DOTNETTARGETINGPACK70-5955930;https://security.snyk.io/vuln/SNYK-CENTOS9-DOTNETTARGETINGPACK70-5955930;yes;no;no;no;
CVE-2023-44487;SNYK-CENTOS9-DOTNETTARGETINGPACK80-6050378;https://security.snyk.io/vuln/SNYK-CENTOS9-DOTNETTARGETINGPACK80-6050378;yes;no;no;no;
CVE-2023-44487;SNYK-CENTOS9-DOTNETTEMPLATES60-5956037;https://security.snyk.io/vuln/SNYK-CENTOS9-DOTNETTEMPLATES60-5956037;yes;no;no;no;
CVE-2023-44487;SNYK-CENTOS9-DOTNETTEMPLATES70-5956046;https://security.snyk.io/vuln/SNYK-CENTOS9-DOTNETTEMPLATES70-5956046;yes;no;no;no;
CVE-2023-44487;SNYK-CENTOS9-DOTNETTEMPLATES80-6050362;https://security.snyk.io/vuln/SNYK-CENTOS9-DOTNETTEMPLATES80-6050362;yes;no;no;no;
CVE-2023-44487;SNYK-CENTOS9-GITLFS-5956002;https://security.snyk.io/vuln/SNYK-CENTOS9-GITLFS-5956002;yes;no;no;no;
CVE-2023-44487;SNYK-CENTOS9-GOLANG-5956031;https://security.snyk.io/vuln/SNYK-CENTOS9-GOLANG-5956031;yes;no;no;no;
CVE-2023-44487;SNYK-CENTOS9-GOLANGBIN-5956070;https://security.snyk.io/vuln/SNYK-CENTOS9-GOLANGBIN-5956070;yes;no;no;no;
CVE-2023-44487;SNYK-CENTOS9-GOLANGDOCS-5956017;https://security.snyk.io/vuln/SNYK-CENTOS9-GOLANGDOCS-5956017;yes;no;no;no;
CVE-2023-44487;SNYK-CENTOS9-GOLANGMISC-5956035;https://security.snyk.io/vuln/SNYK-CENTOS9-GOLANGMISC-5956035;yes;no;no;no;
CVE-2023-44487;SNYK-CENTOS9-GOLANGRACE-5956000;https://security.snyk.io/vuln/SNYK-CENTOS9-GOLANGRACE-5956000;yes;no;no;no;
CVE-2023-44487;SNYK-CENTOS9-GOLANGSRC-5956033;https://security.snyk.io/vuln/SNYK-CENTOS9-GOLANGSRC-5956033;yes;no;no;no;
CVE-2023-44487;SNYK-CENTOS9-GOLANGTESTS-5955928;https://security.snyk.io/vuln/SNYK-CENTOS9-GOLANGTESTS-5955928;yes;no;no;no;
CVE-2023-44487;SNYK-CENTOS9-GRAFANA-5955975;https://security.snyk.io/vuln/SNYK-CENTOS9-GRAFANA-5955975;yes;no;no;no;
CVE-2023-44487;SNYK-CENTOS9-GRAFANAPCP-5956011;https://security.snyk.io/vuln/SNYK-CENTOS9-GRAFANAPCP-5956011;yes;no;no;no;
CVE-2023-44487;SNYK-CENTOS9-IGNITION-5956058;https://security.snyk.io/vuln/SNYK-CENTOS9-IGNITION-5956058;yes;no;no;no;
CVE-2023-44487;SNYK-CENTOS9-LIBNGHTTP2-5955971;https://security.snyk.io/vuln/SNYK-CENTOS9-LIBNGHTTP2-5955971;yes;no;no;no;
CVE-2023-44487;SNYK-CENTOS9-LIBNGHTTP2DEVEL-5955994;https://security.snyk.io/vuln/SNYK-CENTOS9-LIBNGHTTP2DEVEL-5955994;yes;no;no;no;
CVE-2023-44487;SNYK-CENTOS9-NETSTANDARDTARGETINGPACK21-5955934;https://security.snyk.io/vuln/SNYK-CENTOS9-NETSTANDARDTARGETINGPACK21-5955934;yes;no;no;no;
CVE-2023-44487;SNYK-CENTOS9-NGHTTP2-5955963;https://security.snyk.io/vuln/SNYK-CENTOS9-NGHTTP2-5955963;yes;no;no;no;
CVE-2023-44487;SNYK-CENTOS9-NGINX-5956029;https://security.snyk.io/vuln/SNYK-CENTOS9-NGINX-5956029;yes;no;no;no;
CVE-2023-44487;SNYK-CENTOS9-NGINXALLMODULES-5956074;https://security.snyk.io/vuln/SNYK-CENTOS9-NGINXALLMODULES-5956074;yes;no;no;no;
CVE-2023-44487;SNYK-CENTOS9-NGINXCORE-5956068;https://security.snyk.io/vuln/SNYK-CENTOS9-NGINXCORE-5956068;yes;no;no;no;
CVE-2023-44487;SNYK-CENTOS9-NGINXFILESYSTEM-5955932;https://security.snyk.io/vuln/SNYK-CENTOS9-NGINXFILESYSTEM-5955932;yes;no;no;no;
CVE-2023-44487;SNYK-CENTOS9-NGINXMODDEVEL-5955918;https://security.snyk.io/vuln/SNYK-CENTOS9-NGINXMODDEVEL-5955918;yes;no;no;no;
CVE-2023-44487;SNYK-CENTOS9-NGINXMODHTTPIMAGEFILTER-5955954;https://security.snyk.io/vuln/SNYK-CENTOS9-NGINXMODHTTPIMAGEFILTER-5955954;yes;no;no;no;
CVE-2023-44487;SNYK-CENTOS9-NGINXMODHTTPPERL-5955914;https://security.snyk.io/vuln/SNYK-CENTOS9-NGINXMODHTTPPERL-5955914;yes;no;no;no;
CVE-2023-44487;SNYK-CENTOS9-NGINXMODHTTPXSLTFILTER-5956062;https://security.snyk.io/vuln/SNYK-CENTOS9-NGINXMODHTTPXSLTFILTER-5956062;yes;no;no;no;
CVE-2023-44487;SNYK-CENTOS9-NGINXMODMAIL-5955967;https://security.snyk.io/vuln/SNYK-CENTOS9-NGINXMODMAIL-5955967;yes;no;no;no;
CVE-2023-44487;SNYK-CENTOS9-NGINXMODSTREAM-5955920;https://security.snyk.io/vuln/SNYK-CENTOS9-NGINXMODSTREAM-5955920;yes;no;no;no;
CVE-2023-44487;SNYK-CENTOS9-NODEJS-5955936;https://security.snyk.io/vuln/SNYK-CENTOS9-NODEJS-5955936;yes;no;no;no;
CVE-2023-44487;SNYK-CENTOS9-NODEJSDOCS-5955942;https://security.snyk.io/vuln/SNYK-CENTOS9-NODEJSDOCS-5955942;yes;no;no;no;
CVE-2023-44487;SNYK-CENTOS9-NODEJSFULLI18N-5955938;https://security.snyk.io/vuln/SNYK-CENTOS9-NODEJSFULLI18N-5955938;yes;no;no;no;
CVE-2023-44487;SNYK-CENTOS9-NODEJSLIBS-5955996;https://security.snyk.io/vuln/SNYK-CENTOS9-NODEJSLIBS-5955996;yes;no;no;no;
CVE-2023-44487;SNYK-CENTOS9-NPM-5955998;https://security.snyk.io/vuln/SNYK-CENTOS9-NPM-5955998;yes;no;no;no;
CVE-2023-44487;SNYK-CENTOS9-OSBUILDCOMPOSER-5955979;https://security.snyk.io/vuln/SNYK-CENTOS9-OSBUILDCOMPOSER-5955979;yes;no;no;no;
CVE-2023-44487;SNYK-CENTOS9-OSBUILDCOMPOSERCORE-5955916;https://security.snyk.io/vuln/SNYK-CENTOS9-OSBUILDCOMPOSERCORE-5955916;yes;no;no;no;
CVE-2023-44487;SNYK-CENTOS9-OSBUILDCOMPOSERDNFJSON-5955960;https://security.snyk.io/vuln/SNYK-CENTOS9-OSBUILDCOMPOSERDNFJSON-5955960;yes;no;no;no;
CVE-2023-44487;SNYK-CENTOS9-OSBUILDCOMPOSERWORKER-5955912;https://security.snyk.io/vuln/SNYK-CENTOS9-OSBUILDCOMPOSERWORKER-5955912;yes;no;no;no;
CVE-2023-44487;SNYK-CENTOS9-PKISERVLET40API-5955940;https://security.snyk.io/vuln/SNYK-CENTOS9-PKISERVLET40API-5955940;yes;no;no;no;
CVE-2023-44487;SNYK-CENTOS9-PKISERVLETENGINE-5955988;https://security.snyk.io/vuln/SNYK-CENTOS9-PKISERVLETENGINE-5955988;yes;no;no;no;
CVE-2023-36632;SNYK-CENTOS9-PYTHON3-5750827;https://security.snyk.io/vuln/SNYK-CENTOS9-PYTHON3-5750827;yes;no;no;no;
CVE-2023-36632;SNYK-CENTOS9-PYTHON311-5750831;https://security.snyk.io/vuln/SNYK-CENTOS9-PYTHON311-5750831;yes;no;no;no;
CVE-2023-36632;SNYK-CENTOS9-PYTHON311DEBUG-5750809;https://security.snyk.io/vuln/SNYK-CENTOS9-PYTHON311DEBUG-5750809;yes;no;no;no;
CVE-2023-36632;SNYK-CENTOS9-PYTHON311DEVEL-5750821;https://security.snyk.io/vuln/SNYK-CENTOS9-PYTHON311DEVEL-5750821;yes;no;no;no;
CVE-2023-36632;SNYK-CENTOS9-PYTHON311IDLE-5750823;https://security.snyk.io/vuln/SNYK-CENTOS9-PYTHON311IDLE-5750823;yes;no;no;no;
CVE-2023-36632;SNYK-CENTOS9-PYTHON311LIBS-5750811;https://security.snyk.io/vuln/SNYK-CENTOS9-PYTHON311LIBS-5750811;yes;no;no;no;
CVE-2023-36632;SNYK-CENTOS9-PYTHON311TEST-5750833;https://security.snyk.io/vuln/SNYK-CENTOS9-PYTHON311TEST-5750833;yes;no;no;no;
CVE-2023-36632;SNYK-CENTOS9-PYTHON311TKINTER-5750813;https://security.snyk.io/vuln/SNYK-CENTOS9-PYTHON311TKINTER-5750813;yes;no;no;no;
CVE-2023-36632;SNYK-CENTOS9-PYTHON39-5750817;https://security.snyk.io/vuln/SNYK-CENTOS9-PYTHON39-5750817;yes;no;no;no;
CVE-2023-36632;SNYK-CENTOS9-PYTHON3DEBUG-5750839;https://security.snyk.io/vuln/SNYK-CENTOS9-PYTHON3DEBUG-5750839;yes;no;no;no;
CVE-2023-36632;SNYK-CENTOS9-PYTHON3DEVEL-5750837;https://security.snyk.io/vuln/SNYK-CENTOS9-PYTHON3DEVEL-5750837;yes;no;no;no;
CVE-2023-36632;SNYK-CENTOS9-PYTHON3IDLE-5750815;https://security.snyk.io/vuln/SNYK-CENTOS9-PYTHON3IDLE-5750815;yes;no;no;no;
CVE-2023-36632;SNYK-CENTOS9-PYTHON3LIBS-5750825;https://security.snyk.io/vuln/SNYK-CENTOS9-PYTHON3LIBS-5750825;yes;no;no;no;
CVE-2023-36632;SNYK-CENTOS9-PYTHON3TEST-5750835;https://security.snyk.io/vuln/SNYK-CENTOS9-PYTHON3TEST-5750835;yes;no;no;no;
CVE-2023-36632;SNYK-CENTOS9-PYTHON3TKINTER-5750819;https://security.snyk.io/vuln/SNYK-CENTOS9-PYTHON3TKINTER-5750819;yes;no;no;no;
CVE-2023-36632;SNYK-CENTOS9-PYTHONUNVERSIONEDCOMMAND-5750829;https://security.snyk.io/vuln/SNYK-CENTOS9-PYTHONUNVERSIONEDCOMMAND-5750829;yes;no;no;no;
CVE-2023-44487;SNYK-CENTOS9-TOMCAT-5956080;https://security.snyk.io/vuln/SNYK-CENTOS9-TOMCAT-5956080;yes;no;no;no;
CVE-2023-44487;SNYK-CENTOS9-TOMCATADMINWEBAPPS-5956025;https://security.snyk.io/vuln/SNYK-CENTOS9-TOMCATADMINWEBAPPS-5956025;yes;no;no;no;
CVE-2023-44487;SNYK-CENTOS9-TOMCATDOCSWEBAPP-5955948;https://security.snyk.io/vuln/SNYK-CENTOS9-TOMCATDOCSWEBAPP-5955948;yes;no;no;no;
CVE-2023-44487;SNYK-CENTOS9-TOMCATEL30API-5955983;https://security.snyk.io/vuln/SNYK-CENTOS9-TOMCATEL30API-5955983;yes;no;no;no;
CVE-2023-44487;SNYK-CENTOS9-TOMCATJSP23API-5956072;https://security.snyk.io/vuln/SNYK-CENTOS9-TOMCATJSP23API-5956072;yes;no;no;no;
CVE-2023-44487;SNYK-CENTOS9-TOMCATLIB-5956015;https://security.snyk.io/vuln/SNYK-CENTOS9-TOMCATLIB-5956015;yes;no;no;no;
CVE-2023-44487;SNYK-CENTOS9-TOMCATSERVLET40API-5956007;https://security.snyk.io/vuln/SNYK-CENTOS9-TOMCATSERVLET40API-5956007;yes;no;no;no;
CVE-2023-44487;SNYK-CENTOS9-TOMCATWEBAPPS-5955944;https://security.snyk.io/vuln/SNYK-CENTOS9-TOMCATWEBAPPS-5955944;yes;no;no;no;
CVE-2023-44487;SNYK-CENTOS9-TOOLBOX-5959269;https://security.snyk.io/vuln/SNYK-CENTOS9-TOOLBOX-5959269;yes;no;no;no;
CVE-2023-44487;SNYK-CENTOS9-TOOLBOXTESTS-5959279;https://security.snyk.io/vuln/SNYK-CENTOS9-TOOLBOXTESTS-5959279;yes;no;no;no;
CVE-2023-44487;SNYK-CENTOS9-VARNISH-5961704;https://security.snyk.io/vuln/SNYK-CENTOS9-VARNISH-5961704;yes;no;no;no;
CVE-2023-44487;SNYK-CENTOS9-VARNISHDEVEL-5961708;https://security.snyk.io/vuln/SNYK-CENTOS9-VARNISHDEVEL-5961708;yes;no;no;no;
CVE-2023-44487;SNYK-CENTOS9-VARNISHDOCS-5961706;https://security.snyk.io/vuln/SNYK-CENTOS9-VARNISHDOCS-5961706;yes;no;no;no;
CVE-2023-44487;SNYK-CENTOS9-WELDRCLIENT-5956053;https://security.snyk.io/vuln/SNYK-CENTOS9-WELDRCLIENT-5956053;yes;no;no;no;
CVE-2023-44487;SNYK-CHAINGUARDLATEST-CILIUMENVOYLIBFIPS-6139879;https://security.snyk.io/vuln/SNYK-CHAINGUARDLATEST-CILIUMENVOYLIBFIPS-6139879;yes;no;no;no;
CVE-2019-19204;SNYK-COCOAPODS-COCOAONIGURUMA-535384;https://security.snyk.io/vuln/SNYK-COCOAPODS-COCOAONIGURUMA-535384;yes;no;no;no;
CVE-2018-20843;SNYK-COCOAPODS-EXPAT-470643;https://security.snyk.io/vuln/SNYK-COCOAPODS-EXPAT-470643;no;no;no;yes;
CVE-2017-9233;SNYK-COCOAPODS-EXPAT-470947;https://security.snyk.io/vuln/SNYK-COCOAPODS-EXPAT-470947;no;no;no;yes;
CVE-2019-15903;SNYK-COCOAPODS-EXPAT-540503;https://security.snyk.io/vuln/SNYK-COCOAPODS-EXPAT-540503;no;no;no;yes;
CVE-2024-32886;SNYK-GOLANG-VITESSIOVITESSGOMYSQLCOLLATIONSCHARSET-6815329;https://security.snyk.io/vuln/SNYK-GOLANG-VITESSIOVITESSGOMYSQLCOLLATIONSCHARSET-6815329;yes;no;no;no;
CVE-2024-32886;SNYK-GOLANG-VITESSIOVITESSGOMYSQLCOLLATIONSCHARSETUNICODE-6815327;https://security.snyk.io/vuln/SNYK-GOLANG-VITESSIOVITESSGOMYSQLCOLLATIONSCHARSETUNICODE-6815327;yes;no;no;no;
CVE-2024-32886;SNYK-GOLANG-VITESSIOVITESSGOVTVTGATEEVALENGINE-6815328;https://security.snyk.io/vuln/SNYK-GOLANG-VITESSIOVITESSGOVTVTGATEEVALENGINE-6815328;yes;no;no;no;
CVE-2023-0290;SNYK-GOLANG-WWWVELOCIDEXCOMGOLANGVELOCIRAPTORSERVICESLAUNCHER-3237246;https://security.snyk.io/vuln/SNYK-GOLANG-WWWVELOCIDEXCOMGOLANGVELOCIRAPTORSERVICESLAUNCHER-3237246;no;no;yes;no;
CVE-2023-0290;SNYK-GOLANG-WWWVELOCIDEXCOMGOLANGVELOCIRAPTORVQLFILESYSTEM-3237245;https://security.snyk.io/vuln/SNYK-GOLANG-WWWVELOCIDEXCOMGOLANGVELOCIRAPTORVQLFILESYSTEM-3237245;no;no;yes;no;
CVE-2022-27043;SNYK-GOLANG-YEARNINGGO-2766475;https://security.snyk.io/vuln/SNYK-GOLANG-YEARNINGGO-2766475;yes;no;yes;no;
CVE-2023-50966;SNYK-HEX-JOSE-6468183;https://security.snyk.io/vuln/SNYK-HEX-JOSE-6468183;yes;no;no;no;
CVE-2024-31209;SNYK-HEX-OIDCC-6564983;https://security.snyk.io/vuln/SNYK-HEX-OIDCC-6564983;yes;no;no;no;
CVE-2020-15150;SNYK-HEX-PAGINATOR-1086684;https://security.snyk.io/vuln/SNYK-HEX-PAGINATOR-1086684;yes;no;no;no;
CVE-2016-15011;SNYK-JAVA-BEECONTRACTDSSP-3226744;https://security.snyk.io/vuln/SNYK-JAVA-BEECONTRACTDSSP-3226744;no;no;no;yes;
CVE-2020-28052;SNYK-JAVA-BOUNCYCASTLE-1052816;https://security.snyk.io/vuln/SNYK-JAVA-BOUNCYCASTLE-1052816;yes;no;no;no;
CVE-2023-3276;SNYK-JAVA-CNHUTOOL-5711900;https://security.snyk.io/vuln/SNYK-JAVA-CNHUTOOL-5711900;yes;no;no;yes;
CVE-2021-43297;SNYK-JAVA-COMALIBABA-2332177;https://security.snyk.io/vuln/SNYK-JAVA-COMALIBABA-2332177;yes;no;no;no;
CVE-2022-25845;SNYK-JAVA-COMALIBABA-2859222;https://security.snyk.io/vuln/SNYK-JAVA-COMALIBABA-2859222;yes;no;no;no;
CVE-2021-44139;SNYK-JAVA-COMALIBABACSP-2432818;https://security.snyk.io/vuln/SNYK-JAVA-COMALIBABACSP-2432818;yes;no;no;no;
CVE-2022-25842;SNYK-JAVA-COMALIBABAONEAGENT-2407874;https://security.snyk.io/vuln/SNYK-JAVA-COMALIBABAONEAGENT-2407874;yes;no;no;no;
CVE-2022-31159;SNYK-JAVA-COMAMAZONAWS-2952700;https://security.snyk.io/vuln/SNYK-JAVA-COMAMAZONAWS-2952700;no;no;yes;no;
CVE-2022-25517;SNYK-JAVA-COMBAOMIDOU-2440550;https://security.snyk.io/vuln/SNYK-JAVA-COMBAOMIDOU-2440550;yes;no;no;no;
CVE-2023-25330;SNYK-JAVA-COMBAOMIDOU-5414877;https://security.snyk.io/vuln/SNYK-JAVA-COMBAOMIDOU-5414877;yes;no;no;no;
CVE-2023-39016;SNYK-JAVA-COMBBOSSGROUPS-5813760;https://security.snyk.io/vuln/SNYK-JAVA-COMBBOSSGROUPS-5813760;yes;no;no;no;
CVE-2018-17605;SNYK-JAVA-COMBERTRAMLABSPLUGINS-3145134;https://security.snyk.io/vuln/SNYK-JAVA-COMBERTRAMLABSPLUGINS-3145134;no;no;yes;no;
CVE-2018-1000817;SNYK-JAVA-COMBERTRAMLABSPLUGINS-3145136;https://security.snyk.io/vuln/SNYK-JAVA-COMBERTRAMLABSPLUGINS-3145136;no;no;yes;no;
CVE-2022-25894;SNYK-JAVA-COMBSTEKUFLO-3091112;https://security.snyk.io/vuln/SNYK-JAVA-COMBSTEKUFLO-3091112;yes;no;no;no;
CVE-2022-25767;SNYK-JAVA-COMBSTEKUREPORT-2322018;https://security.snyk.io/vuln/SNYK-JAVA-COMBSTEKUREPORT-2322018;yes;no;no;no;
CVE-2023-24188;SNYK-JAVA-COMBSTEKUREPORT-3319417;https://security.snyk.io/vuln/SNYK-JAVA-COMBSTEKUREPORT-3319417;yes;no;yes;no;
CVE-2023-24187;SNYK-JAVA-COMBSTEKUREPORT-3319676;https://security.snyk.io/vuln/SNYK-JAVA-COMBSTEKUREPORT-3319676;yes;no;no;yes;
CVE-2023-48848;SNYK-JAVA-COMBSTEKUREPORT-6092418;https://security.snyk.io/vuln/SNYK-JAVA-COMBSTEKUREPORT-6092418;yes;no;no;no;
CVE-2021-44138;SNYK-JAVA-COMCAUCHO-2803839;https://security.snyk.io/vuln/SNYK-JAVA-COMCAUCHO-2803839;no;no;yes;no;
CVE-2021-39194;SNYK-JAVA-COMCHARLESKORNKAML-1583437;https://security.snyk.io/vuln/SNYK-JAVA-COMCHARLESKORNKAML-1583437;yes;no;no;no;
CVE-2022-43430;SNYK-JAVA-COMCOMPUWAREJENKINS-3057593;https://security.snyk.io/vuln/SNYK-JAVA-COMCOMPUWAREJENKINS-3057593;no;no;no;yes;
CVE-2021-29620;SNYK-JAVA-COMEPAMREPORTPORTAL-1314296;https://security.snyk.io/vuln/SNYK-JAVA-COMEPAMREPORTPORTAL-1314296;no;no;no;yes;
CVE-2020-12642;SNYK-JAVA-COMEPAMREPORTPORTAL-1314907;https://security.snyk.io/vuln/SNYK-JAVA-COMEPAMREPORTPORTAL-1314907;no;no;no;yes;
CVE-2022-1848;SNYK-JAVA-COMERUDIKA-2847865;https://security.snyk.io/vuln/SNYK-JAVA-COMERUDIKA-2847865;yes;no;no;no;
CVE-2023-24621;SNYK-JAVA-COMESOTERICSOFTWAREYAMLBEANS-5862641;https://security.snyk.io/vuln/SNYK-JAVA-COMESOTERICSOFTWAREYAMLBEANS-5862641;yes;no;no;no;
CVE-2023-24620;SNYK-JAVA-COMESOTERICSOFTWAREYAMLBEANS-5862642;https://security.snyk.io/vuln/SNYK-JAVA-COMESOTERICSOFTWAREYAMLBEANS-5862642;yes;no;no;no;
CVE-2023-4863;SNYK-JAVA-COMFACEBOOKFRESCO-5923337;https://security.snyk.io/vuln/SNYK-JAVA-COMFACEBOOKFRESCO-5923337;yes;no;no;no;
CVE-2020-25649;SNYK-JAVA-COMFASTERXMLJACKSONCORE-1048302;https://security.snyk.io/vuln/SNYK-JAVA-COMFASTERXMLJACKSONCORE-1048302;no;no;no;yes;
CVE-2020-35728;SNYK-JAVA-COMFASTERXMLJACKSONCORE-1054588;https://security.snyk.io/vuln/SNYK-JAVA-COMFASTERXMLJACKSONCORE-1054588;yes;no;no;no;
CVE-2020-36184;SNYK-JAVA-COMFASTERXMLJACKSONCORE-1056416;https://security.snyk.io/vuln/SNYK-JAVA-COMFASTERXMLJACKSONCORE-1056416;yes;no;no;no;
CVE-2020-36182;SNYK-JAVA-COMFASTERXMLJACKSONCORE-1056421;https://security.snyk.io/vuln/SNYK-JAVA-COMFASTERXMLJACKSONCORE-1056421;yes;no;no;no;
CVE-2020-36188;SNYK-JAVA-COMFASTERXMLJACKSONCORE-1056426;https://security.snyk.io/vuln/SNYK-JAVA-COMFASTERXMLJACKSONCORE-1056426;yes;no;no;no;
CVE-2020-24616;SNYK-JAVA-COMFASTERXMLJACKSONCORE-608664;https://security.snyk.io/vuln/SNYK-JAVA-COMFASTERXMLJACKSONCORE-608664;yes;no;no;no;
CVE-2022-31268;SNYK-JAVA-COMGITBLIT-2848115;https://security.snyk.io/vuln/SNYK-JAVA-COMGITBLIT-2848115;yes;no;yes;no;
CVE-2023-51084;SNYK-JAVA-COMGITHUB-6144803;https://security.snyk.io/vuln/SNYK-JAVA-COMGITHUB-6144803;yes;no;no;no;
CVE-2019-5312;SNYK-JAVA-COMGITHUBBINARYWANG-6147609;https://security.snyk.io/vuln/SNYK-JAVA-COMGITHUBBINARYWANG-6147609;no;no;no;yes;
CVE-2019-5312;SNYK-JAVA-COMGITHUBBINARYWANG-6147610;https://security.snyk.io/vuln/SNYK-JAVA-COMGITHUBBINARYWANG-6147610;no;no;no;yes;
CVE-2021-29061;SNYK-JAVA-COMGITHUBFRACPETE-1312957;https://security.snyk.io/vuln/SNYK-JAVA-COMGITHUBFRACPETE-1312957;yes;no;no;no;
CVE-2022-36007;SNYK-JAVA-COMGITHUBJLANGCH-2980275;https://security.snyk.io/vuln/SNYK-JAVA-COMGITHUBJLANGCH-2980275;no;no;yes;no;
CVE-2022-23596;SNYK-JAVA-COMGITHUBJUNRAR-2388979;https://security.snyk.io/vuln/SNYK-JAVA-COMGITHUBJUNRAR-2388979;yes;no;no;no;
CVE-2018-13439;SNYK-JAVA-COMGITHUBWXPAY-5804001;https://security.snyk.io/vuln/SNYK-JAVA-COMGITHUBWXPAY-5804001;no;no;no;yes;
CVE-2023-31890;SNYK-JAVA-COMGLAZEDLISTS-5538774;https://security.snyk.io/vuln/SNYK-JAVA-COMGLAZEDLISTS-5538774;yes;no;no;no;
CVE-2020-8913;SNYK-JAVA-COMGOOGLEANDROIDPLAY-1052005;https://security.snyk.io/vuln/SNYK-JAVA-COMGOOGLEANDROIDPLAY-1052005;yes;no;yes;no;
CVE-2022-25914;SNYK-JAVA-COMGOOGLECLOUDTOOLS-2968871;https://security.snyk.io/vuln/SNYK-JAVA-COMGOOGLECLOUDTOOLS-2968871;yes;no;no;no;
CVE-2021-41862;SNYK-JAVA-COMGOOGLECODEAVIATOR-1727586;https://security.snyk.io/vuln/SNYK-JAVA-COMGOOGLECODEAVIATOR-1727586;yes;no;no;no;
CVE-2011-4457;SNYK-JAVA-COMGOOGLECODEOWASPJAVAHTMLSANITIZER-6182919;https://security.snyk.io/vuln/SNYK-JAVA-COMGOOGLECODEOWASPJAVAHTMLSANITIZER-6182919;yes;no;no;no;
CVE-2016-15026;SNYK-JAVA-COMGOOGLECODEPLIST-3325626;https://security.snyk.io/vuln/SNYK-JAVA-COMGOOGLECODEPLIST-3325626;no;no;no;yes;
CVE-2020-8908;SNYK-JAVA-COMGOOGLEGUAVA-1015415;https://security.snyk.io/vuln/SNYK-JAVA-COMGOOGLEGUAVA-1015415;yes;no;no;no;
CVE-2021-23408;SNYK-JAVA-COMGRAPHHOPPER-1320114;https://security.snyk.io/vuln/SNYK-JAVA-COMGRAPHHOPPER-1320114;yes;no;no;no;
CVE-2022-37734;SNYK-JAVA-COMGRAPHQLJAVA-3021519;https://security.snyk.io/vuln/SNYK-JAVA-COMGRAPHQLJAVA-3021519;yes;no;no;no;
CVE-2021-23463;SNYK-JAVA-COMH2DATABASE-1769238;https://security.snyk.io/vuln/SNYK-JAVA-COMH2DATABASE-1769238;no;no;no;yes;
CVE-2022-23221;SNYK-JAVA-COMH2DATABASE-2348247;https://security.snyk.io/vuln/SNYK-JAVA-COMH2DATABASE-2348247;yes;no;no;no;
CVE-2022-0265;SNYK-JAVA-COMHAZELCAST-2415034;https://security.snyk.io/vuln/SNYK-JAVA-COMHAZELCAST-2415034;yes;no;no;yes;
CVE-2023-30331;SNYK-JAVA-COMIBEETL-5496956;https://security.snyk.io/vuln/SNYK-JAVA-COMIBEETL-5496956;yes;no;no;no;
CVE-2023-30331;SNYK-JAVA-COMIBEETL-6613090;https://security.snyk.io/vuln/SNYK-JAVA-COMIBEETL-6613090;yes;no;no;no;
CVE-2021-43113;SNYK-JAVA-COMITEXTPDF-2320389;https://security.snyk.io/vuln/SNYK-JAVA-COMITEXTPDF-2320389;yes;no;no;no;
CVE-2017-20151;SNYK-JAVA-COMITEXTPDF-3185223;https://security.snyk.io/vuln/SNYK-JAVA-COMITEXTPDF-3185223;no;no;no;yes;
CVE-2014-125087;SNYK-JAVA-COMJAMESMURTYUTILS-3325621;https://security.snyk.io/vuln/SNYK-JAVA-COMJAMESMURTYUTILS-3325621;no;no;no;yes;
CVE-2023-51074;SNYK-JAVA-COMJAYWAYJSONPATH-6140361;https://security.snyk.io/vuln/SNYK-JAVA-COMJAYWAYJSONPATH-6140361;yes;no;no;no;
CVE-2023-49395;SNYK-JAVA-COMJFINAL-6117548;https://security.snyk.io/vuln/SNYK-JAVA-COMJFINAL-6117548;yes;no;no;no;
CVE-2023-49381;SNYK-JAVA-COMJFINAL-6117549;https://security.snyk.io/vuln/SNYK-JAVA-COMJFINAL-6117549;yes;no;no;no;
CVE-2023-49376;SNYK-JAVA-COMJFINAL-6117550;https://security.snyk.io/vuln/SNYK-JAVA-COMJFINAL-6117550;yes;no;no;no;
CVE-2023-49372;SNYK-JAVA-COMJFINAL-6117551;https://security.snyk.io/vuln/SNYK-JAVA-COMJFINAL-6117551;yes;no;no;no;
CVE-2023-49380;SNYK-JAVA-COMJFINAL-6117552;https://security.snyk.io/vuln/SNYK-JAVA-COMJFINAL-6117552;yes;no;no;no;
CVE-2023-49378;SNYK-JAVA-COMJFINAL-6117558;https://security.snyk.io/vuln/SNYK-JAVA-COMJFINAL-6117558;yes;no;no;no;
CVE-2023-49447;SNYK-JAVA-COMJFINAL-6117559;https://security.snyk.io/vuln/SNYK-JAVA-COMJFINAL-6117559;yes;no;no;no;
CVE-2023-49373;SNYK-JAVA-COMJFINAL-6117560;https://security.snyk.io/vuln/SNYK-JAVA-COMJFINAL-6117560;yes;no;no;no;
CVE-2023-49383;SNYK-JAVA-COMJFINAL-6117561;https://security.snyk.io/vuln/SNYK-JAVA-COMJFINAL-6117561;yes;no;no;no;
CVE-2023-49397;SNYK-JAVA-COMJFINAL-6117562;https://security.snyk.io/vuln/SNYK-JAVA-COMJFINAL-6117562;yes;no;no;no;
CVE-2023-49448;SNYK-JAVA-COMJFINAL-6117563;https://security.snyk.io/vuln/SNYK-JAVA-COMJFINAL-6117563;yes;no;no;no;
CVE-2023-49398;SNYK-JAVA-COMJFINAL-6117564;https://security.snyk.io/vuln/SNYK-JAVA-COMJFINAL-6117564;yes;no;no;no;
CVE-2023-49446;SNYK-JAVA-COMJFINAL-6117565;https://security.snyk.io/vuln/SNYK-JAVA-COMJFINAL-6117565;yes;no;no;no;
CVE-2023-49377;SNYK-JAVA-COMJFINAL-6117566;https://security.snyk.io/vuln/SNYK-JAVA-COMJFINAL-6117566;yes;no;no;no;
CVE-2023-49375;SNYK-JAVA-COMJFINAL-6117567;https://security.snyk.io/vuln/SNYK-JAVA-COMJFINAL-6117567;yes;no;no;no;
CVE-2023-49374;SNYK-JAVA-COMJFINAL-6117568;https://security.snyk.io/vuln/SNYK-JAVA-COMJFINAL-6117568;yes;no;no;no;
CVE-2023-49379;SNYK-JAVA-COMJFINAL-6117569;https://security.snyk.io/vuln/SNYK-JAVA-COMJFINAL-6117569;yes;no;no;no;
CVE-2023-49396;SNYK-JAVA-COMJFINAL-6117570;https://security.snyk.io/vuln/SNYK-JAVA-COMJFINAL-6117570;yes;no;no;no;
CVE-2023-49382;SNYK-JAVA-COMJFINAL-6117571;https://security.snyk.io/vuln/SNYK-JAVA-COMJFINAL-6117571;yes;no;no;no;
CVE-2023-49486;SNYK-JAVA-COMJFINAL-6124042;https://security.snyk.io/vuln/SNYK-JAVA-COMJFINAL-6124042;yes;no;no;no;
CVE-2023-49485;SNYK-JAVA-COMJFINAL-6124043;https://security.snyk.io/vuln/SNYK-JAVA-COMJFINAL-6124043;yes;no;no;no;
CVE-2023-49487;SNYK-JAVA-COMJFINAL-6124649;https://security.snyk.io/vuln/SNYK-JAVA-COMJFINAL-6124649;yes;no;no;no;
CVE-2023-50102;SNYK-JAVA-COMJFINAL-6128855;https://security.snyk.io/vuln/SNYK-JAVA-COMJFINAL-6128855;yes;no;no;no;
CVE-2023-50100;SNYK-JAVA-COMJFINAL-6128856;https://security.snyk.io/vuln/SNYK-JAVA-COMJFINAL-6128856;yes;no;no;no;
CVE-2023-50101;SNYK-JAVA-COMJFINAL-6129052;https://security.snyk.io/vuln/SNYK-JAVA-COMJFINAL-6129052;yes;no;no;no;
CVE-2023-50137;SNYK-JAVA-COMJFINAL-6129054;https://security.snyk.io/vuln/SNYK-JAVA-COMJFINAL-6129054;yes;no;no;no;
CVE-2020-28885;SNYK-JAVA-COMLIFERAY-2386877;https://security.snyk.io/vuln/SNYK-JAVA-COMLIFERAY-2386877;yes;no;no;no;
CVE-2020-28884;SNYK-JAVA-COMLIFERAY-2386905;https://security.snyk.io/vuln/SNYK-JAVA-COMLIFERAY-2386905;yes;no;no;no;
CVE-2022-28981;SNYK-JAVA-COMLIFERAY-3030054;https://security.snyk.io/vuln/SNYK-JAVA-COMLIFERAY-3030054;no;no;yes;no;
CVE-2021-33990;SNYK-JAVA-COMLIFERAYPORTAL-5425092;https://security.snyk.io/vuln/SNYK-JAVA-COMLIFERAYPORTAL-5425092;yes;no;no;no;
CVE-2021-43795;SNYK-JAVA-COMLINECORPARMERIA-2308233;https://security.snyk.io/vuln/SNYK-JAVA-COMLINECORPARMERIA-2308233;no;no;yes;no;
CVE-2023-38493;SNYK-JAVA-COMLINECORPARMERIA-5805287;https://security.snyk.io/vuln/SNYK-JAVA-COMLINECORPARMERIA-5805287;yes;no;no;no;
CVE-2022-47415;SNYK-JAVA-COMLOGICALDOC-3315220;https://security.snyk.io/vuln/SNYK-JAVA-COMLOGICALDOC-3315220;yes;no;no;no;
CVE-2022-23640;SNYK-JAVA-COMMONITORJBL-2414470;https://security.snyk.io/vuln/SNYK-JAVA-COMMONITORJBL-2414470;no;no;no;yes;
CVE-2015-7501;SNYK-JAVA-COMMONSCOLLECTIONS-30078;https://security.snyk.io/vuln/SNYK-JAVA-COMMONSCOLLECTIONS-30078;yes;no;no;no;
CVE-2021-29425;SNYK-JAVA-COMMONSIO-1277109;https://security.snyk.io/vuln/SNYK-JAVA-COMMONSIO-1277109;yes;no;yes;no;
CVE-2023-21971;SNYK-JAVA-COMMYSQL-5441540;https://security.snyk.io/vuln/SNYK-JAVA-COMMYSQL-5441540;yes;no;no;no;
CVE-2020-2178;SNYK-JAVA-COMPARASOFT-3175481;https://security.snyk.io/vuln/SNYK-JAVA-COMPARASOFT-3175481;no;no;no;yes;
CVE-2021-43090;SNYK-JAVA-COMPREDIC8-2434280;https://security.snyk.io/vuln/SNYK-JAVA-COMPREDIC8-2434280;no;no;no;yes;
CVE-2023-6149;SNYK-JAVA-COMQUALYSPLUGINS-6149925;https://security.snyk.io/vuln/SNYK-JAVA-COMQUALYSPLUGINS-6149925;no;no;no;yes;
CVE-2023-6147;SNYK-JAVA-COMQUALYSPLUGINS-6182927;https://security.snyk.io/vuln/SNYK-JAVA-COMQUALYSPLUGINS-6182927;no;no;no;yes;
CVE-2023-3163;SNYK-JAVA-COMRUOYI-5673098;https://security.snyk.io/vuln/SNYK-JAVA-COMRUOYI-5673098;yes;no;no;no;
CVE-2023-49371;SNYK-JAVA-COMRUOYI-6097150;https://security.snyk.io/vuln/SNYK-JAVA-COMRUOYI-6097150;yes;no;no;no;
CVE-2023-28684;SNYK-JAVA-COMSAPJENKINSCI-3368237;https://security.snyk.io/vuln/SNYK-JAVA-COMSAPJENKINSCI-3368237;no;no;no;yes;
CVE-2022-23061;SNYK-JAVA-COMSHOPIZER-2806690;https://security.snyk.io/vuln/SNYK-JAVA-COMSHOPIZER-2806690;yes;no;no;no;
CVE-2022-23061;SNYK-JAVA-COMSHOPIZER-6253372;https://security.snyk.io/vuln/SNYK-JAVA-COMSHOPIZER-6253372;yes;no;no;no;
CVE-2023-3635;SNYK-JAVA-COMSQUAREUPOKIO-5773320;https://security.snyk.io/vuln/SNYK-JAVA-COMSQUAREUPOKIO-5773320;yes;no;no;no;
CVE-2016-9177;SNYK-JAVA-COMSPARKJAVA-30379;https://security.snyk.io/vuln/SNYK-JAVA-COMSPARKJAVA-30379;no;no;yes;no;
CVE-2023-3782;SNYK-JAVA-COMSQUAREUPOKHTTP3-5789026;https://security.snyk.io/vuln/SNYK-JAVA-COMSQUAREUPOKHTTP3-5789026;yes;no;no;no;
CVE-2023-3635;SNYK-JAVA-COMSQUAREUPOKIO-5820002;https://security.snyk.io/vuln/SNYK-JAVA-COMSQUAREUPOKIO-5820002;yes;no;no;no;
CVE-2013-3827;SNYK-JAVA-COMSUNFACES-30086;https://security.snyk.io/vuln/SNYK-JAVA-COMSUNFACES-30086;no;no;no;yes;
CVE-2019-17091;SNYK-JAVA-COMSUNFACES-3104591;https://security.snyk.io/vuln/SNYK-JAVA-COMSUNFACES-3104591;yes;no;no;no;
CVE-2022-28157;SNYK-JAVA-COMSURENPIJENKINS-2441357;https://security.snyk.io/vuln/SNYK-JAVA-COMSURENPIJENKINS-2441357;no;no;yes;no;
CVE-2022-28155;SNYK-JAVA-COMSURENPIJENKINS-3152613;https://security.snyk.io/vuln/SNYK-JAVA-COMSURENPIJENKINS-3152613;no;no;no;yes;
CVE-2022-45396;SNYK-JAVA-COMTHALESGROUPHUDSONPLUGINS-3121097;https://security.snyk.io/vuln/SNYK-JAVA-COMTHALESGROUPHUDSONPLUGINS-3121097;no;no;no;yes;
CVE-2022-45395;SNYK-JAVA-COMTHALESGROUPJENKINSCIPLUGINS-3121102;https://security.snyk.io/vuln/SNYK-JAVA-COMTHALESGROUPJENKINSCIPLUGINS-3121102;no;no;no;yes;
CVE-2020-26217;SNYK-JAVA-COMTHOUGHTWORKSXSTREAM-1040458;https://security.snyk.io/vuln/SNYK-JAVA-COMTHOUGHTWORKSXSTREAM-1040458;yes;no;no;no;
CVE-2021-21345;SNYK-JAVA-COMTHOUGHTWORKSXSTREAM-1088328;https://security.snyk.io/vuln/SNYK-JAVA-COMTHOUGHTWORKSXSTREAM-1088328;yes;no;no;no;
CVE-2021-21344;SNYK-JAVA-COMTHOUGHTWORKSXSTREAM-1088329;https://security.snyk.io/vuln/SNYK-JAVA-COMTHOUGHTWORKSXSTREAM-1088329;yes;no;no;no;
CVE-2021-21348;SNYK-JAVA-COMTHOUGHTWORKSXSTREAM-1088330;https://security.snyk.io/vuln/SNYK-JAVA-COMTHOUGHTWORKSXSTREAM-1088330;yes;no;no;no;
CVE-2021-21351;SNYK-JAVA-COMTHOUGHTWORKSXSTREAM-1088331;https://security.snyk.io/vuln/SNYK-JAVA-COMTHOUGHTWORKSXSTREAM-1088331;yes;no;no;no;
CVE-2021-21347;SNYK-JAVA-COMTHOUGHTWORKSXSTREAM-1088332;https://security.snyk.io/vuln/SNYK-JAVA-COMTHOUGHTWORKSXSTREAM-1088332;yes;no;no;no;
CVE-2021-21343;SNYK-JAVA-COMTHOUGHTWORKSXSTREAM-1088333;https://security.snyk.io/vuln/SNYK-JAVA-COMTHOUGHTWORKSXSTREAM-1088333;yes;no;no;no;
CVE-2021-21346;SNYK-JAVA-COMTHOUGHTWORKSXSTREAM-1088334;https://security.snyk.io/vuln/SNYK-JAVA-COMTHOUGHTWORKSXSTREAM-1088334;yes;no;no;no;
CVE-2021-21350;SNYK-JAVA-COMTHOUGHTWORKSXSTREAM-1088335;https://security.snyk.io/vuln/SNYK-JAVA-COMTHOUGHTWORKSXSTREAM-1088335;yes;no;no;no;
CVE-2021-21349;SNYK-JAVA-COMTHOUGHTWORKSXSTREAM-1088336;https://security.snyk.io/vuln/SNYK-JAVA-COMTHOUGHTWORKSXSTREAM-1088336;yes;no;no;no;
CVE-2021-21341;SNYK-JAVA-COMTHOUGHTWORKSXSTREAM-1088337;https://security.snyk.io/vuln/SNYK-JAVA-COMTHOUGHTWORKSXSTREAM-1088337;yes;no;no;no;
CVE-2021-21342;SNYK-JAVA-COMTHOUGHTWORKSXSTREAM-1088338;https://security.snyk.io/vuln/SNYK-JAVA-COMTHOUGHTWORKSXSTREAM-1088338;yes;no;no;no;
CVE-2021-29505;SNYK-JAVA-COMTHOUGHTWORKSXSTREAM-1294540;https://security.snyk.io/vuln/SNYK-JAVA-COMTHOUGHTWORKSXSTREAM-1294540;yes;no;no;no;
CVE-2021-39153;SNYK-JAVA-COMTHOUGHTWORKSXSTREAM-1569176;https://security.snyk.io/vuln/SNYK-JAVA-COMTHOUGHTWORKSXSTREAM-1569176;yes;no;no;no;
CVE-2021-39141;SNYK-JAVA-COMTHOUGHTWORKSXSTREAM-1569177;https://security.snyk.io/vuln/SNYK-JAVA-COMTHOUGHTWORKSXSTREAM-1569177;yes;no;no;no;
CVE-2021-39139;SNYK-JAVA-COMTHOUGHTWORKSXSTREAM-1569178;https://security.snyk.io/vuln/SNYK-JAVA-COMTHOUGHTWORKSXSTREAM-1569178;yes;no;no;no;
CVE-2021-39151;SNYK-JAVA-COMTHOUGHTWORKSXSTREAM-1569179;https://security.snyk.io/vuln/SNYK-JAVA-COMTHOUGHTWORKSXSTREAM-1569179;yes;no;no;no;
CVE-2021-39146;SNYK-JAVA-COMTHOUGHTWORKSXSTREAM-1569180;https://security.snyk.io/vuln/SNYK-JAVA-COMTHOUGHTWORKSXSTREAM-1569180;yes;no;no;no;
CVE-2021-39148;SNYK-JAVA-COMTHOUGHTWORKSXSTREAM-1569181;https://security.snyk.io/vuln/SNYK-JAVA-COMTHOUGHTWORKSXSTREAM-1569181;yes;no;no;no;
CVE-2021-39147;SNYK-JAVA-COMTHOUGHTWORKSXSTREAM-1569182;https://security.snyk.io/vuln/SNYK-JAVA-COMTHOUGHTWORKSXSTREAM-1569182;yes;no;no;no;
CVE-2021-39144;SNYK-JAVA-COMTHOUGHTWORKSXSTREAM-1569183;https://security.snyk.io/vuln/SNYK-JAVA-COMTHOUGHTWORKSXSTREAM-1569183;yes;no;no;no;
CVE-2021-39154;SNYK-JAVA-COMTHOUGHTWORKSXSTREAM-1569185;https://security.snyk.io/vuln/SNYK-JAVA-COMTHOUGHTWORKSXSTREAM-1569185;yes;no;no;no;
CVE-2021-39149;SNYK-JAVA-COMTHOUGHTWORKSXSTREAM-1569186;https://security.snyk.io/vuln/SNYK-JAVA-COMTHOUGHTWORKSXSTREAM-1569186;yes;no;no;no;
CVE-2021-39145;SNYK-JAVA-COMTHOUGHTWORKSXSTREAM-1569187;https://security.snyk.io/vuln/SNYK-JAVA-COMTHOUGHTWORKSXSTREAM-1569187;yes;no;no;no;
CVE-2021-39140;SNYK-JAVA-COMTHOUGHTWORKSXSTREAM-1569189;https://security.snyk.io/vuln/SNYK-JAVA-COMTHOUGHTWORKSXSTREAM-1569189;yes;no;no;no;
CVE-2021-39152;SNYK-JAVA-COMTHOUGHTWORKSXSTREAM-1569190;https://security.snyk.io/vuln/SNYK-JAVA-COMTHOUGHTWORKSXSTREAM-1569190;yes;no;no;no;
CVE-2021-39150;SNYK-JAVA-COMTHOUGHTWORKSXSTREAM-1569191;https://security.snyk.io/vuln/SNYK-JAVA-COMTHOUGHTWORKSXSTREAM-1569191;yes;no;no;no;
CVE-2016-3674;SNYK-JAVA-COMTHOUGHTWORKSXSTREAM-30385;https://security.snyk.io/vuln/SNYK-JAVA-COMTHOUGHTWORKSXSTREAM-30385;no;no;no;yes;
CVE-2022-41966;SNYK-JAVA-COMTHOUGHTWORKSXSTREAM-3182897;https://security.snyk.io/vuln/SNYK-JAVA-COMTHOUGHTWORKSXSTREAM-3182897;yes;no;no;no;
CVE-2020-35774;SNYK-JAVA-COMTWITTER-2397266;https://security.snyk.io/vuln/SNYK-JAVA-COMTWITTER-2397266;yes;no;no;no;
CVE-2014-3630;SNYK-JAVA-COMTYPESAFEAKKA-30388;https://security.snyk.io/vuln/SNYK-JAVA-COMTYPESAFEAKKA-30388;no;no;no;yes;
CVE-2014-3630;SNYK-JAVA-COMTYPESAFEPLAY-30389;https://security.snyk.io/vuln/SNYK-JAVA-COMTYPESAFEPLAY-30389;no;no;no;yes;
CVE-2014-3630;SNYK-JAVA-COMTYPESAFEPLAY-30390;https://security.snyk.io/vuln/SNYK-JAVA-COMTYPESAFEPLAY-30390;no;no;no;yes;
CVE-2020-36321;SNYK-JAVA-COMVAADIN-1252243;https://security.snyk.io/vuln/SNYK-JAVA-COMVAADIN-1252243;no;no;yes;no;
CVE-2023-3308;SNYK-JAVA-COMWHALEALICEFROG-5711935;https://security.snyk.io/vuln/SNYK-JAVA-COMWHALEALICEFROG-5711935;yes;no;no;no;
CVE-2021-43142;SNYK-JAVA-COMWUTKA-2438295;https://security.snyk.io/vuln/SNYK-JAVA-COMWUTKA-2438295;yes;no;no;yes;
CVE-2023-0674;SNYK-JAVA-COMXUXUELI-3311276;https://security.snyk.io/vuln/SNYK-JAVA-COMXUXUELI-3311276;yes;no;no;no;
CVE-2023-33779;SNYK-JAVA-COMXUXUELI-5607531;https://security.snyk.io/vuln/SNYK-JAVA-COMXUXUELI-5607531;yes;no;no;no;
CVE-2020-24922;SNYK-JAVA-COMXUXUELI-5840586;https://security.snyk.io/vuln/SNYK-JAVA-COMXUXUELI-5840586;yes;no;no;no;
CVE-2024-3366;SNYK-JAVA-COMXUXUELI-6579598;https://security.snyk.io/vuln/SNYK-JAVA-COMXUXUELI-6579598;yes;no;no;no;
CVE-2020-18066;SNYK-JAVA-COMZRLOG-1315140;https://security.snyk.io/vuln/SNYK-JAVA-COMZRLOG-1315140;yes;no;no;no;
CVE-2023-35110;SNYK-JAVA-DEGROBMEIERJSON-5710359;https://security.snyk.io/vuln/SNYK-JAVA-DEGROBMEIERJSON-5710359;yes;no;no;no;
CVE-2021-32754;SNYK-JAVA-DETUDSSE-1316642;https://security.snyk.io/vuln/SNYK-JAVA-DETUDSSE-1316642;no;no;no;yes;
CVE-2021-32754;SNYK-JAVA-DETUDSSE-1316643;https://security.snyk.io/vuln/SNYK-JAVA-DETUDSSE-1316643;no;no;no;yes;
CVE-2021-32754;SNYK-JAVA-DETUDSSE-1316644;https://security.snyk.io/vuln/SNYK-JAVA-DETUDSSE-1316644;no;no;no;yes;
CVE-2021-3878;SNYK-JAVA-EDUSTANFORDNLP-1759103;https://security.snyk.io/vuln/SNYK-JAVA-EDUSTANFORDNLP-1759103;no;no;no;yes;
CVE-2021-3869;SNYK-JAVA-EDUSTANFORDNLP-1759559;https://security.snyk.io/vuln/SNYK-JAVA-EDUSTANFORDNLP-1759559;no;no;no;yes;
CVE-2022-0198;SNYK-JAVA-EDUSTANFORDNLP-2339881;https://security.snyk.io/vuln/SNYK-JAVA-EDUSTANFORDNLP-2339881;yes;no;no;yes;
CVE-2022-0239;SNYK-JAVA-EDUSTANFORDNLP-2342121;https://security.snyk.io/vuln/SNYK-JAVA-EDUSTANFORDNLP-2342121;no;no;no;yes;
CVE-2023-39020;SNYK-JAVA-EDUSTANFORDNLP-5819550;https://security.snyk.io/vuln/SNYK-JAVA-EDUSTANFORDNLP-5819550;yes;no;no;no;
CVE-2021-21234;SNYK-JAVA-EUHINSCH-1055810;https://security.snyk.io/vuln/SNYK-JAVA-EUHINSCH-1055810;no;no;yes;no;
CVE-2023-29986;SNYK-JAVA-EUHINSCH-5518107;https://security.snyk.io/vuln/SNYK-JAVA-EUHINSCH-5518107;no;no;yes;no;
CVE-2022-37422;SNYK-JAVA-FISHPAYARASERVERINTERNALWEB-2987512;https://security.snyk.io/vuln/SNYK-JAVA-FISHPAYARASERVERINTERNALWEB-2987512;no;no;yes;no;
CVE-2020-36641;SNYK-JAVA-FRTURRI-3226606;https://security.snyk.io/vuln/SNYK-JAVA-FRTURRI-3226606;no;no;no;yes;
CVE-2020-35216;SNYK-JAVA-IOATOMIX-2321404;https://security.snyk.io/vuln/SNYK-JAVA-IOATOMIX-2321404;yes;no;no;no;
CVE-2020-35209;SNYK-JAVA-IOATOMIX-2321422;https://security.snyk.io/vuln/SNYK-JAVA-IOATOMIX-2321422;yes;no;no;no;
CVE-2021-20218;SNYK-JAVA-IOFABRIC8-1061910;https://security.snyk.io/vuln/SNYK-JAVA-IOFABRIC8-1061910;no;no;yes;no;
CVE-2022-45921;SNYK-JAVA-IOFUSIONAUTH-3151100;https://security.snyk.io/vuln/SNYK-JAVA-IOFUSIONAUTH-3151100;no;no;yes;no;
CVE-2024-24569;SNYK-JAVA-IOGITHUBPIXEE-6227582;https://security.snyk.io/vuln/SNYK-JAVA-IOGITHUBPIXEE-6227582;no;no;yes;no;
CVE-2022-0219;SNYK-JAVA-IOGITHUBSKYLOT-2350160;https://security.snyk.io/vuln/SNYK-JAVA-IOGITHUBSKYLOT-2350160;no;no;no;yes;
CVE-2022-0272;SNYK-JAVA-IOGITLABARTURBOSCHDETEKT-2803842;https://security.snyk.io/vuln/SNYK-JAVA-IOGITLABARTURBOSCHDETEKT-2803842;no;no;no;yes;
CVE-2022-38723;SNYK-JAVA-IOGRAVITEEAPIMRESTAPI-3227311;https://security.snyk.io/vuln/SNYK-JAVA-IOGRAVITEEAPIMRESTAPI-3227311;no;no;yes;no;
CVE-2019-25075;SNYK-JAVA-IOGRAVITEEMANAGEMENT-2988806;https://security.snyk.io/vuln/SNYK-JAVA-IOGRAVITEEMANAGEMENT-2988806;no;no;yes;no;
CVE-2017-2594;SNYK-JAVA-IOHAWT-3105804;https://security.snyk.io/vuln/SNYK-JAVA-IOHAWT-3105804;no;no;yes;no;
CVE-2023-33544;SNYK-JAVA-IOHAWT-5664721;https://security.snyk.io/vuln/SNYK-JAVA-IOHAWT-5664721;yes;no;no;no;
CVE-2020-2254;SNYK-JAVA-IOJENKINSBLUEOCEAN-6253356;https://security.snyk.io/vuln/SNYK-JAVA-IOJENKINSBLUEOCEAN-6253356;no;no;yes;no;
CVE-2020-2254;SNYK-JAVA-IOJENKINSBLUEOCEAN-728000;https://security.snyk.io/vuln/SNYK-JAVA-IOJENKINSBLUEOCEAN-728000;no;no;yes;no;
CVE-2022-23107;SNYK-JAVA-IOJENKINSPLUGINS-2359025;https://security.snyk.io/vuln/SNYK-JAVA-IOJENKINSPLUGINS-2359025;no;no;yes;no;
CVE-2023-32992;SNYK-JAVA-IOJENKINSPLUGINS-5539001;https://security.snyk.io/vuln/SNYK-JAVA-IOJENKINSPLUGINS-5539001;no;no;no;yes;
CVE-2023-33962;SNYK-JAVA-IOJSTACH-5661792;https://security.snyk.io/vuln/SNYK-JAVA-IOJSTACH-5661792;yes;no;no;no;
CVE-2022-48476;SNYK-JAVA-IOKTOR-5458964;https://security.snyk.io/vuln/SNYK-JAVA-IOKTOR-5458964;no;no;yes;no;
CVE-2021-32769;SNYK-JAVA-IOMICRONAUT-1320020;https://security.snyk.io/vuln/SNYK-JAVA-IOMICRONAUT-1320020;no;no;yes;no;
CVE-2019-6986;SNYK-JAVA-ORGVIVOWEB-3097700;https://security.snyk.io/vuln/SNYK-JAVA-ORGVIVOWEB-3097700;yes;no;yes;no;
CVE-2020-7760;SNYK-JAVA-ORGWEBJARS-1024449;https://security.snyk.io/vuln/SNYK-JAVA-ORGWEBJARS-1024449;yes;no;no;no;
CVE-2021-23337;SNYK-JAVA-ORGWEBJARS-1074930;https://security.snyk.io/vuln/SNYK-JAVA-ORGWEBJARS-1074930;yes;no;no;no;
CVE-2021-23370;SNYK-JAVA-ORGWEBJARS-1244698;https://security.snyk.io/vuln/SNYK-JAVA-ORGWEBJARS-1244698;yes;no;no;no;
CVE-2021-23413;SNYK-JAVA-ORGWEBJARS-1251499;https://security.snyk.io/vuln/SNYK-JAVA-ORGWEBJARS-1251499;yes;no;no;no;
CVE-2021-29059;SNYK-JAVA-ORGWEBJARS-1281915;https://security.snyk.io/vuln/SNYK-JAVA-ORGWEBJARS-1281915;yes;no;no;no;
CVE-2021-3807;SNYK-JAVA-ORGWEBJARS-1584216;https://security.snyk.io/vuln/SNYK-JAVA-ORGWEBJARS-1584216;yes;no;no;no;
CVE-2021-3801;SNYK-JAVA-ORGWEBJARS-1585205;https://security.snyk.io/vuln/SNYK-JAVA-ORGWEBJARS-1585205;yes;no;no;no;
CVE-2021-23472;SNYK-JAVA-ORGWEBJARS-1910690;https://security.snyk.io/vuln/SNYK-JAVA-ORGWEBJARS-1910690;yes;no;no;no;
CVE-2021-23450;SNYK-JAVA-ORGWEBJARS-2313036;https://security.snyk.io/vuln/SNYK-JAVA-ORGWEBJARS-2313036;yes;no;no;no;
CVE-2022-21681;SNYK-JAVA-ORGWEBJARS-2342078;https://security.snyk.io/vuln/SNYK-JAVA-ORGWEBJARS-2342078;yes;no;no;no;
CVE-2022-21680;SNYK-JAVA-ORGWEBJARS-2342087;https://security.snyk.io/vuln/SNYK-JAVA-ORGWEBJARS-2342087;yes;no;no;no;
CVE-2022-0776;SNYK-JAVA-ORGWEBJARS-2414036;https://security.snyk.io/vuln/SNYK-JAVA-ORGWEBJARS-2414036;yes;no;no;no;
CVE-2021-43138;SNYK-JAVA-ORGWEBJARS-2441831;https://security.snyk.io/vuln/SNYK-JAVA-ORGWEBJARS-2441831;yes;no;no;no;
CVE-2021-43306;SNYK-JAVA-ORGWEBJARS-2840639;https://security.snyk.io/vuln/SNYK-JAVA-ORGWEBJARS-2840639;yes;no;no;no;
CVE-2022-21213;SNYK-JAVA-ORGWEBJARS-2870623;https://security.snyk.io/vuln/SNYK-JAVA-ORGWEBJARS-2870623;yes;no;no;no;
CVE-2022-31147;SNYK-JAVA-ORGWEBJARS-2940624;https://security.snyk.io/vuln/SNYK-JAVA-ORGWEBJARS-2940624;yes;no;no;no;
CVE-2022-25929;SNYK-JAVA-ORGWEBJARS-3177369;https://security.snyk.io/vuln/SNYK-JAVA-ORGWEBJARS-3177369;yes;no;no;no;
CVE-2023-26102;SNYK-JAVA-ORGWEBJARS-3332713;https://security.snyk.io/vuln/SNYK-JAVA-ORGWEBJARS-3332713;yes;no;no;no;
CVE-2023-2251;SNYK-JAVA-ORGWEBJARS-5458869;https://security.snyk.io/vuln/SNYK-JAVA-ORGWEBJARS-5458869;yes;no;no;no;
CVE-2023-34840;SNYK-JAVA-ORGWEBJARS-5768911;https://security.snyk.io/vuln/SNYK-JAVA-ORGWEBJARS-5768911;yes;no;no;no;
CVE-2023-42371;SNYK-JAVA-ORGWEBJARS-5906001;https://security.snyk.io/vuln/SNYK-JAVA-ORGWEBJARS-5906001;yes;no;no;no;
CVE-2024-33665;SNYK-JAVA-ORGWEBJARS-6689331;https://security.snyk.io/vuln/SNYK-JAVA-ORGWEBJARS-6689331;yes;no;no;no;
CVE-2020-7760;SNYK-JAVA-ORGWEBJARSBOWER-1024445;https://security.snyk.io/vuln/SNYK-JAVA-ORGWEBJARSBOWER-1024445;yes;no;no;no;
CVE-2020-28442;SNYK-JAVA-ORGWEBJARSBOWER-1050978;https://security.snyk.io/vuln/SNYK-JAVA-ORGWEBJARSBOWER-1050978;yes;no;no;no;
CVE-2020-36048;SNYK-JAVA-ORGWEBJARSBOWER-1056751;https://security.snyk.io/vuln/SNYK-JAVA-ORGWEBJARSBOWER-1056751;yes;no;no;no;
CVE-2020-28472;SNYK-JAVA-ORGWEBJARSBOWER-1059426;https://security.snyk.io/vuln/SNYK-JAVA-ORGWEBJARSBOWER-1059426;yes;no;no;no;
CVE-2020-28480;SNYK-JAVA-ORGWEBJARSBOWER-1062037;https://security.snyk.io/vuln/SNYK-JAVA-ORGWEBJARSBOWER-1062037;yes;no;no;no;
CVE-2020-28479;SNYK-JAVA-ORGWEBJARSBOWER-1062040;https://security.snyk.io/vuln/SNYK-JAVA-ORGWEBJARSBOWER-1062040;yes;no;no;no;
CVE-2021-23337;SNYK-JAVA-ORGWEBJARSBOWER-1074928;https://security.snyk.io/vuln/SNYK-JAVA-ORGWEBJARSBOWER-1074928;yes;no;no;no;
CVE-2021-23358;SNYK-JAVA-ORGWEBJARSBOWER-1081504;https://security.snyk.io/vuln/SNYK-JAVA-ORGWEBJARSBOWER-1081504;yes;no;no;no;
CVE-2021-23370;SNYK-JAVA-ORGWEBJARSBOWER-1244699;https://security.snyk.io/vuln/SNYK-JAVA-ORGWEBJARSBOWER-1244699;yes;no;no;no;
CVE-2021-3647;SNYK-JAVA-ORGWEBJARSBOWER-1319805;https://security.snyk.io/vuln/SNYK-JAVA-ORGWEBJARSBOWER-1319805;yes;no;no;no;
CVE-2021-23414;SNYK-JAVA-ORGWEBJARSBOWER-1533588;https://security.snyk.io/vuln/SNYK-JAVA-ORGWEBJARSBOWER-1533588;yes;no;no;no;
CVE-2021-3749;SNYK-JAVA-ORGWEBJARSBOWER-1579270;https://security.snyk.io/vuln/SNYK-JAVA-ORGWEBJARSBOWER-1579270;yes;no;no;no;
CVE-2021-3807;SNYK-JAVA-ORGWEBJARSBOWER-1584214;https://security.snyk.io/vuln/SNYK-JAVA-ORGWEBJARSBOWER-1584214;yes;no;no;no;
CVE-2021-23444;SNYK-JAVA-ORGWEBJARSBOWER-1655817;https://security.snyk.io/vuln/SNYK-JAVA-ORGWEBJARSBOWER-1655817;yes;no;no;no;
CVE-2021-23445;SNYK-JAVA-ORGWEBJARSBOWER-1715371;https://security.snyk.io/vuln/SNYK-JAVA-ORGWEBJARSBOWER-1715371;yes;no;no;no;
CVE-2021-23472;SNYK-JAVA-ORGWEBJARSBOWER-1910689;https://security.snyk.io/vuln/SNYK-JAVA-ORGWEBJARSBOWER-1910689;yes;no;no;no;
CVE-2021-23450;SNYK-JAVA-ORGWEBJARSBOWER-2313035;https://security.snyk.io/vuln/SNYK-JAVA-ORGWEBJARSBOWER-2313035;yes;no;no;no;
CVE-2021-23574;SNYK-JAVA-ORGWEBJARSBOWER-2320790;https://security.snyk.io/vuln/SNYK-JAVA-ORGWEBJARSBOWER-2320790;yes;no;no;no;
CVE-2022-21681;SNYK-JAVA-ORGWEBJARSBOWER-2342076;https://security.snyk.io/vuln/SNYK-JAVA-ORGWEBJARSBOWER-2342076;yes;no;no;no;
CVE-2022-21680;SNYK-JAVA-ORGWEBJARSBOWER-2342085;https://security.snyk.io/vuln/SNYK-JAVA-ORGWEBJARSBOWER-2342085;yes;no;no;no;
CVE-2022-0776;SNYK-JAVA-ORGWEBJARSBOWER-2414035;https://security.snyk.io/vuln/SNYK-JAVA-ORGWEBJARSBOWER-2414035;yes;no;no;no;
CVE-2022-0868;SNYK-JAVA-ORGWEBJARSBOWER-2419069;https://security.snyk.io/vuln/SNYK-JAVA-ORGWEBJARSBOWER-2419069;yes;no;no;no;
CVE-2022-24785;SNYK-JAVA-ORGWEBJARSBOWER-2440690;https://security.snyk.io/vuln/SNYK-JAVA-ORGWEBJARSBOWER-2440690;no;no;yes;no;
CVE-2022-1243;SNYK-JAVA-ORGWEBJARSBOWER-2441241;https://security.snyk.io/vuln/SNYK-JAVA-ORGWEBJARSBOWER-2441241;yes;no;no;no;
CVE-2022-23923;SNYK-JAVA-ORGWEBJARSBOWER-2441254;https://security.snyk.io/vuln/SNYK-JAVA-ORGWEBJARSBOWER-2441254;yes;no;no;no;
CVE-2021-43138;SNYK-JAVA-ORGWEBJARSBOWER-2441830;https://security.snyk.io/vuln/SNYK-JAVA-ORGWEBJARSBOWER-2441830;yes;no;no;no;
CVE-2022-1330;SNYK-JAVA-ORGWEBJARSBOWER-2635972;https://security.snyk.io/vuln/SNYK-JAVA-ORGWEBJARSBOWER-2635972;yes;no;no;no;
CVE-2022-25844;SNYK-JAVA-ORGWEBJARSBOWER-2772736;https://security.snyk.io/vuln/SNYK-JAVA-ORGWEBJARSBOWER-2772736;yes;no;no;no;
CVE-2021-43306;SNYK-JAVA-ORGWEBJARSBOWER-2840637;https://security.snyk.io/vuln/SNYK-JAVA-ORGWEBJARSBOWER-2840637;yes;no;no;no;
CVE-2022-25898;SNYK-JAVA-ORGWEBJARSBOWER-2935898;https://security.snyk.io/vuln/SNYK-JAVA-ORGWEBJARSBOWER-2935898;yes;no;no;no;
CVE-2022-31108;SNYK-JAVA-ORGWEBJARSBOWER-2936795;https://security.snyk.io/vuln/SNYK-JAVA-ORGWEBJARSBOWER-2936795;yes;no;no;no;
CVE-2022-31147;SNYK-JAVA-ORGWEBJARSBOWER-2940623;https://security.snyk.io/vuln/SNYK-JAVA-ORGWEBJARSBOWER-2940623;yes;no;no;no;
CVE-2022-31129;SNYK-JAVA-ORGWEBJARSBOWER-2944240;https://security.snyk.io/vuln/SNYK-JAVA-ORGWEBJARSBOWER-2944240;yes;no;no;no;
CVE-2022-25869;SNYK-JAVA-ORGWEBJARSBOWER-2949783;https://security.snyk.io/vuln/SNYK-JAVA-ORGWEBJARSBOWER-2949783;yes;no;no;no;
CVE-2022-40440;SNYK-JAVA-ORGWEBJARSBOWER-3043013;https://security.snyk.io/vuln/SNYK-JAVA-ORGWEBJARSBOWER-3043013;yes;no;no;no;
CVE-2022-46161;SNYK-JAVA-ORGWEBJARSBOWER-3160331;https://security.snyk.io/vuln/SNYK-JAVA-ORGWEBJARSBOWER-3160331;yes;no;no;no;
CVE-2022-25929;SNYK-JAVA-ORGWEBJARSBOWER-3177368;https://security.snyk.io/vuln/SNYK-JAVA-ORGWEBJARSBOWER-3177368;yes;no;no;no;
CVE-2021-4279;SNYK-JAVA-ORGWEBJARSBOWER-3182962;https://security.snyk.io/vuln/SNYK-JAVA-ORGWEBJARSBOWER-3182962;yes;no;no;no;
CVE-2021-4307;SNYK-JAVA-ORGWEBJARSBOWER-3227305;https://security.snyk.io/vuln/SNYK-JAVA-ORGWEBJARSBOWER-3227305;yes;no;no;no;
CVE-2023-26102;SNYK-JAVA-ORGWEBJARSBOWER-3332712;https://security.snyk.io/vuln/SNYK-JAVA-ORGWEBJARSBOWER-3332712;yes;no;no;no;
CVE-2023-26487;SNYK-JAVA-ORGWEBJARSBOWER-3339630;https://security.snyk.io/vuln/SNYK-JAVA-ORGWEBJARSBOWER-3339630;yes;no;no;no;
CVE-2023-26486;SNYK-JAVA-ORGWEBJARSBOWER-3339633;https://security.snyk.io/vuln/SNYK-JAVA-ORGWEBJARSBOWER-3339633;yes;no;no;no;
CVE-2023-26116;SNYK-JAVA-ORGWEBJARSBOWER-5406320;https://security.snyk.io/vuln/SNYK-JAVA-ORGWEBJARSBOWER-5406320;yes;no;no;no;
CVE-2023-26117;SNYK-JAVA-ORGWEBJARSBOWER-5406323;https://security.snyk.io/vuln/SNYK-JAVA-ORGWEBJARSBOWER-5406323;yes;no;no;no;
CVE-2023-26118;SNYK-JAVA-ORGWEBJARSBOWER-5406326;https://security.snyk.io/vuln/SNYK-JAVA-ORGWEBJARSBOWER-5406326;yes;no;no;no;
CVE-2023-26133;SNYK-JAVA-ORGWEBJARSBOWER-5711940;https://security.snyk.io/vuln/SNYK-JAVA-ORGWEBJARSBOWER-5711940;yes;no;no;no;
CVE-2023-34840;SNYK-JAVA-ORGWEBJARSBOWER-5768910;https://security.snyk.io/vuln/SNYK-JAVA-ORGWEBJARSBOWER-5768910;yes;no;no;no;
CVE-2023-42371;SNYK-JAVA-ORGWEBJARSBOWER-5906000;https://security.snyk.io/vuln/SNYK-JAVA-ORGWEBJARSBOWER-5906000;yes;no;no;no;
CVE-2024-21490;SNYK-JAVA-ORGWEBJARSBOWER-6241746;https://security.snyk.io/vuln/SNYK-JAVA-ORGWEBJARSBOWER-6241746;yes;no;no;no;
CVE-2024-25180;SNYK-JAVA-ORGWEBJARSBOWER-6368540;https://security.snyk.io/vuln/SNYK-JAVA-ORGWEBJARSBOWER-6368540;yes;no;no;no;
CVE-2024-33665;SNYK-JAVA-ORGWEBJARSBOWER-6689330;https://security.snyk.io/vuln/SNYK-JAVA-ORGWEBJARSBOWER-6689330;yes;no;no;no;
CVE-2022-1330;SNYK-JAVA-ORGWEBJARSBOWERGITHUBALVAROTRIGO-2635973;https://security.snyk.io/vuln/SNYK-JAVA-ORGWEBJARSBOWERGITHUBALVAROTRIGO-2635973;yes;no;no;no;
CVE-2022-25844;SNYK-JAVA-ORGWEBJARSBOWERGITHUBANGULAR-2772738;https://security.snyk.io/vuln/SNYK-JAVA-ORGWEBJARSBOWERGITHUBANGULAR-2772738;yes;no;no;no;
CVE-2022-25869;SNYK-JAVA-ORGWEBJARSBOWERGITHUBANGULAR-2949784;https://security.snyk.io/vuln/SNYK-JAVA-ORGWEBJARSBOWERGITHUBANGULAR-2949784;yes;no;no;no;
CVE-2023-26116;SNYK-JAVA-ORGWEBJARSBOWERGITHUBANGULAR-5406322;https://security.snyk.io/vuln/SNYK-JAVA-ORGWEBJARSBOWERGITHUBANGULAR-5406322;yes;no;no;no;
CVE-2023-26117;SNYK-JAVA-ORGWEBJARSBOWERGITHUBANGULAR-5406325;https://security.snyk.io/vuln/SNYK-JAVA-ORGWEBJARSBOWERGITHUBANGULAR-5406325;yes;no;no;no;
CVE-2023-26118;SNYK-JAVA-ORGWEBJARSBOWERGITHUBANGULAR-5406328;https://security.snyk.io/vuln/SNYK-JAVA-ORGWEBJARSBOWERGITHUBANGULAR-5406328;yes;no;no;no;
CVE-2020-26302;SNYK-JAVA-ORGWEBJARSBOWERGITHUBARASATASAYGIN-3182913;https://security.snyk.io/vuln/SNYK-JAVA-ORGWEBJARSBOWERGITHUBARASATASAYGIN-3182913;yes;no;no;no;
CVE-2024-34341;SNYK-JAVA-ORGWEBJARSBOWERGITHUBBASECAMP-6814380;https://security.snyk.io/vuln/SNYK-JAVA-ORGWEBJARSBOWERGITHUBBASECAMP-6814380;yes;no;no;no;
CVE-2022-46161;SNYK-JAVA-ORGWEBJARSBOWERGITHUBBPAMPUCH-3160332;https://security.snyk.io/vuln/SNYK-JAVA-ORGWEBJARSBOWERGITHUBBPAMPUCH-3160332;yes;no;no;no;
CVE-2024-25180;SNYK-JAVA-ORGWEBJARSBOWERGITHUBBPAMPUCH-6368542;https://security.snyk.io/vuln/SNYK-JAVA-ORGWEBJARSBOWERGITHUBBPAMPUCH-6368542;yes;no;no;no;
CVE-2023-44487;SNYK-ORACLE9-TOMCAT-6032179;https://security.snyk.io/vuln/SNYK-ORACLE9-TOMCAT-6032179;yes;no;no;no;
CVE-2023-44487;SNYK-ORACLE9-TOMCATADMINWEBAPPS-6032300;https://security.snyk.io/vuln/SNYK-ORACLE9-TOMCATADMINWEBAPPS-6032300;yes;no;no;no;
CVE-2023-44487;SNYK-ORACLE9-TOMCATDOCSWEBAPP-6032096;https://security.snyk.io/vuln/SNYK-ORACLE9-TOMCATDOCSWEBAPP-6032096;yes;no;no;no;
CVE-2023-44487;SNYK-ORACLE9-TOMCATEL30API-6032109;https://security.snyk.io/vuln/SNYK-ORACLE9-TOMCATEL30API-6032109;yes;no;no;no;
CVE-2023-44487;SNYK-ORACLE9-TOMCATJSP23API-6032098;https://security.snyk.io/vuln/SNYK-ORACLE9-TOMCATJSP23API-6032098;yes;no;no;no;
CVE-2023-44487;SNYK-ORACLE9-TOMCATLIB-6032108;https://security.snyk.io/vuln/SNYK-ORACLE9-TOMCATLIB-6032108;yes;no;no;no;
CVE-2023-44487;SNYK-ORACLE9-TOMCATSERVLET40API-6032165;https://security.snyk.io/vuln/SNYK-ORACLE9-TOMCATSERVLET40API-6032165;yes;no;no;no;
CVE-2023-44487;SNYK-ORACLE9-TOMCATWEBAPPS-6032251;https://security.snyk.io/vuln/SNYK-ORACLE9-TOMCATWEBAPPS-6032251;yes;no;no;no;
CVE-2023-44487;SNYK-ORACLE9-VARNISH-6035182;https://security.snyk.io/vuln/SNYK-ORACLE9-VARNISH-6035182;yes;no;no;no;
CVE-2023-44487;SNYK-ORACLE9-VARNISHDEVEL-6035181;https://security.snyk.io/vuln/SNYK-ORACLE9-VARNISHDEVEL-6035181;yes;no;no;no;
CVE-2023-44487;SNYK-ORACLE9-VARNISHDOCS-6035192;https://security.snyk.io/vuln/SNYK-ORACLE9-VARNISHDOCS-6035192;yes;no;no;no;
CVE-2023-44487;SNYK-ORACLE9-VIRTCTL-6138980;https://security.snyk.io/vuln/SNYK-ORACLE9-VIRTCTL-6138980;yes;no;no;no;
CVE-2023-44487;SNYK-ORACLE9-YQ-6138994;https://security.snyk.io/vuln/SNYK-ORACLE9-YQ-6138994;yes;no;no;no;
CVE-2022-31173;SNYK-RUST-ASYNCGRAPHQL-2964191;https://security.snyk.io/vuln/SNYK-RUST-ASYNCGRAPHQL-2964191;yes;no;no;no;
CVE-2020-36450;SNYK-RUST-BUNCH-1316248;https://security.snyk.io/vuln/SNYK-RUST-BUNCH-1316248;yes;no;no;no;
CVE-2021-38186;SNYK-RUST-COMRAK-1279044;https://security.snyk.io/vuln/SNYK-RUST-COMRAK-1279044;yes;no;no;no;
CVE-2023-28626;SNYK-RUST-COMRAK-5291893;https://security.snyk.io/vuln/SNYK-RUST-COMRAK-5291893;yes;no;no;no;
CVE-2023-38546;SNYK-RUST-CURL-5933297;https://security.snyk.io/vuln/SNYK-RUST-CURL-5933297;yes;no;no;no;
CVE-2023-38545;SNYK-RUST-CURL-5933298;https://security.snyk.io/vuln/SNYK-RUST-CURL-5933298;yes;no;no;no;
CVE-2023-38545;SNYK-RUST-CURLSYS-5962481;https://security.snyk.io/vuln/SNYK-RUST-CURLSYS-5962481;yes;no;no;no;
CVE-2023-38546;SNYK-RUST-CURLSYS-5969491;https://security.snyk.io/vuln/SNYK-RUST-CURLSYS-5969491;yes;no;no;no;
CVE-2023-26103;SNYK-RUST-DENO-3315970;https://security.snyk.io/vuln/SNYK-RUST-DENO-3315970;yes;no;no;no;
CVE-2023-28446;SNYK-RUST-DENO-3373052;https://security.snyk.io/vuln/SNYK-RUST-DENO-3373052;yes;no;no;no;
CVE-2023-28446;SNYK-RUST-DENORUNTIME-3373053;https://security.snyk.io/vuln/SNYK-RUST-DENORUNTIME-3373053;yes;no;no;no;
CVE-2024-32477;SNYK-RUST-DENORUNTIME-6663931;https://security.snyk.io/vuln/SNYK-RUST-DENORUNTIME-6663931;yes;no;no;no;
